[{"model": "sat_toolkit.teststepsequence", "pk": 317, "fields": {"testcase": 108, "teststep": 82, "sequence": 1, "ignore_fail": false}}, {"model": "sat_toolkit.teststepsequence", "pk": 318, "fields": {"testcase": 108, "teststep": 144, "sequence": 10, "ignore_fail": false}}, {"model": "sat_toolkit.teststepsequence", "pk": 319, "fields": {"testcase": 109, "teststep": 82, "sequence": 1, "ignore_fail": false}}, {"model": "sat_toolkit.teststepsequence", "pk": 320, "fields": {"testcase": 109, "teststep": 142, "sequence": 100, "ignore_fail": false}}, {"model": "sat_toolkit.teststepsequence", "pk": 321, "fields": {"testcase": 110, "teststep": 82, "sequence": 1, "ignore_fail": false}}, {"model": "sat_toolkit.teststepsequence", "pk": 322, "fields": {"testcase": 110, "teststep": 143, "sequence": 100, "ignore_fail": false}}, {"model": "sat_toolkit.teststepsequence", "pk": 323, "fields": {"testcase": 111, "teststep": 177, "sequence": 100, "ignore_fail": false}}, {"model": "sat_toolkit.teststepsequence", "pk": 324, "fields": {"testcase": 112, "teststep": 178, "sequence": 100, "ignore_fail": false}}, {"model": "sat_toolkit.teststepsequence", "pk": 325, "fields": {"testcase": 113, "teststep": 189, "sequence": 100, "ignore_fail": false}}, {"model": "sat_toolkit.teststepsequence", "pk": 326, "fields": {"testcase": 114, "teststep": 160, "sequence": 1, "ignore_fail": false}}, {"model": "sat_toolkit.teststepsequence", "pk": 327, "fields": {"testcase": 114, "teststep": 167, "sequence": 2, "ignore_fail": false}}, {"model": "sat_toolkit.teststepsequence", "pk": 330, "fields": {"testcase": 183, "teststep": 82, "sequence": 1, "ignore_fail": false}}, {"model": "sat_toolkit.teststepsequence", "pk": 331, "fields": {"testcase": 183, "teststep": 86, "sequence": 100, "ignore_fail": false}}, {"model": "sat_toolkit.teststepsequence", "pk": 332, "fields": {"testcase": 182, "teststep": 82, "sequence": 1, "ignore_fail": false}}, {"model": "sat_toolkit.teststepsequence", "pk": 333, "fields": {"testcase": 182, "teststep": 85, "sequence": 100, "ignore_fail": false}}, {"model": "sat_toolkit.teststepsequence", "pk": 334, "fields": {"testcase": 181, "teststep": 82, "sequence": 1, "ignore_fail": false}}, {"model": "sat_toolkit.teststepsequence", "pk": 335, "fields": {"testcase": 181, "teststep": 84, "sequence": 100, "ignore_fail": false}}, {"model": "sat_toolkit.teststepsequence", "pk": 336, "fields": {"testcase": 180, "teststep": 82, "sequence": 1, "ignore_fail": false}}, {"model": "sat_toolkit.teststepsequence", "pk": 337, "fields": {"testcase": 180, "teststep": 91, "sequence": 100, "ignore_fail": false}}, {"model": "sat_toolkit.teststepsequence", "pk": 338, "fields": {"testcase": 179, "teststep": 82, "sequence": 1, "ignore_fail": false}}, {"model": "sat_toolkit.teststepsequence", "pk": 339, "fields": {"testcase": 179, "teststep": 227, "sequence": 2, "ignore_fail": false}}, {"model": "sat_toolkit.teststepsequence", "pk": 341, "fields": {"testcase": 178, "teststep": 82, "sequence": 100, "ignore_fail": false}}, {"model": "sat_toolkit.teststepsequence", "pk": 342, "fields": {"testcase": 178, "teststep": 148, "sequence": 100, "ignore_fail": false}}, {"model": "sat_toolkit.teststepsequence", "pk": 343, "fields": {"testcase": 177, "teststep": 82, "sequence": 1, "ignore_fail": false}}, {"model": "sat_toolkit.teststepsequence", "pk": 344, "fields": {"testcase": 177, "teststep": 89, "sequence": 100, "ignore_fail": false}}, {"model": "sat_toolkit.teststepsequence", "pk": 345, "fields": {"testcase": 176, "teststep": 82, "sequence": 100, "ignore_fail": false}}, {"model": "sat_toolkit.teststepsequence", "pk": 346, "fields": {"testcase": 176, "teststep": 149, "sequence": 100, "ignore_fail": false}}, {"model": "sat_toolkit.teststepsequence", "pk": 347, "fields": {"testcase": 175, "teststep": 82, "sequence": 100, "ignore_fail": false}}, {"model": "sat_toolkit.teststepsequence", "pk": 348, "fields": {"testcase": 175, "teststep": 87, "sequence": 100, "ignore_fail": false}}, {"model": "sat_toolkit.teststepsequence", "pk": 349, "fields": {"testcase": 173, "teststep": 92, "sequence": 1, "ignore_fail": false}}, {"model": "sat_toolkit.teststepsequence", "pk": 350, "fields": {"testcase": 173, "teststep": 93, "sequence": 100, "ignore_fail": false}}, {"model": "sat_toolkit.teststepsequence", "pk": 351, "fields": {"testcase": 171, "teststep": 82, "sequence": 1, "ignore_fail": false}}, {"model": "sat_toolkit.teststepsequence", "pk": 352, "fields": {"testcase": 171, "teststep": 95, "sequence": 100, "ignore_fail": false}}, {"model": "sat_toolkit.teststepsequence", "pk": 353, "fields": {"testcase": 184, "teststep": 82, "sequence": 1, "ignore_fail": false}}, {"model": "sat_toolkit.teststepsequence", "pk": 354, "fields": {"testcase": 184, "teststep": 182, "sequence": 100, "ignore_fail": false}}, {"model": "sat_toolkit.teststepsequence", "pk": 356, "fields": {"testcase": 167, "teststep": 82, "sequence": 1, "ignore_fail": false}}, {"model": "sat_toolkit.teststepsequence", "pk": 357, "fields": {"testcase": 165, "teststep": 242, "sequence": 1, "ignore_fail": false}}, {"model": "sat_toolkit.teststepsequence", "pk": 358, "fields": {"testcase": 185, "teststep": 242, "sequence": 100, "ignore_fail": false}}, {"model": "sat_toolkit.teststepsequence", "pk": 359, "fields": {"testcase": 186, "teststep": 82, "sequence": 100, "ignore_fail": false}}, {"model": "sat_toolkit.teststepsequence", "pk": 360, "fields": {"testcase": 163, "teststep": 92, "sequence": 100, "ignore_fail": false}}, {"model": "sat_toolkit.teststepsequence", "pk": 361, "fields": {"testcase": 163, "teststep": 188, "sequence": 100, "ignore_fail": false}}, {"model": "sat_toolkit.teststepsequence", "pk": 362, "fields": {"testcase": 130, "teststep": 160, "sequence": 100, "ignore_fail": false}}, {"model": "sat_toolkit.teststepsequence", "pk": 363, "fields": {"testcase": 130, "teststep": 171, "sequence": 100, "ignore_fail": false}}, {"model": "sat_toolkit.teststepsequence", "pk": 364, "fields": {"testcase": 129, "teststep": 160, "sequence": 100, "ignore_fail": false}}, {"model": "sat_toolkit.teststepsequence", "pk": 365, "fields": {"testcase": 129, "teststep": 169, "sequence": 100, "ignore_fail": false}}, {"model": "sat_toolkit.teststepsequence", "pk": 366, "fields": {"testcase": 128, "teststep": 160, "sequence": 1, "ignore_fail": false}}, {"model": "sat_toolkit.teststepsequence", "pk": 367, "fields": {"testcase": 128, "teststep": 165, "sequence": 100, "ignore_fail": false}}, {"model": "sat_toolkit.teststepsequence", "pk": 368, "fields": {"testcase": 137, "teststep": 189, "sequence": 100, "ignore_fail": false}}, {"model": "sat_toolkit.teststepsequence", "pk": 369, "fields": {"testcase": 137, "teststep": 193, "sequence": 100, "ignore_fail": false}}, {"model": "sat_toolkit.teststepsequence", "pk": 370, "fields": {"testcase": 138, "teststep": 189, "sequence": 100, "ignore_fail": false}}, {"model": "sat_toolkit.teststepsequence", "pk": 371, "fields": {"testcase": 138, "teststep": 192, "sequence": 100, "ignore_fail": false}}, {"model": "sat_toolkit.teststepsequence", "pk": 372, "fields": {"testcase": 135, "teststep": 189, "sequence": 100, "ignore_fail": false}}, {"model": "sat_toolkit.teststepsequence", "pk": 373, "fields": {"testcase": 135, "teststep": 191, "sequence": 100, "ignore_fail": false}}, {"model": "sat_toolkit.teststepsequence", "pk": 374, "fields": {"testcase": 136, "teststep": 189, "sequence": 100, "ignore_fail": false}}, {"model": "sat_toolkit.teststepsequence", "pk": 375, "fields": {"testcase": 136, "teststep": 190, "sequence": 100, "ignore_fail": false}}, {"model": "sat_toolkit.teststepsequence", "pk": 376, "fields": {"testcase": 127, "teststep": 195, "sequence": 100, "ignore_fail": false}}, {"model": "sat_toolkit.teststepsequence", "pk": 377, "fields": {"testcase": 127, "teststep": 194, "sequence": 100, "ignore_fail": false}}, {"model": "sat_toolkit.teststepsequence", "pk": 378, "fields": {"testcase": 133, "teststep": 196, "sequence": 100, "ignore_fail": false}}, {"model": "sat_toolkit.teststepsequence", "pk": 379, "fields": {"testcase": 133, "teststep": 197, "sequence": 100, "ignore_fail": false}}, {"model": "sat_toolkit.teststepsequence", "pk": 380, "fields": {"testcase": 131, "teststep": 196, "sequence": 100, "ignore_fail": false}}, {"model": "sat_toolkit.teststepsequence", "pk": 381, "fields": {"testcase": 131, "teststep": 199, "sequence": 100, "ignore_fail": false}}, {"model": "sat_toolkit.teststepsequence", "pk": 382, "fields": {"testcase": 132, "teststep": 196, "sequence": 100, "ignore_fail": false}}, {"model": "sat_toolkit.teststepsequence", "pk": 383, "fields": {"testcase": 132, "teststep": 200, "sequence": 100, "ignore_fail": false}}, {"model": "sat_toolkit.teststepsequence", "pk": 384, "fields": {"testcase": 134, "teststep": 196, "sequence": 100, "ignore_fail": false}}, {"model": "sat_toolkit.teststepsequence", "pk": 385, "fields": {"testcase": 134, "teststep": 198, "sequence": 100, "ignore_fail": false}}, {"model": "sat_toolkit.teststepsequence", "pk": 386, "fields": {"testcase": 188, "teststep": 201, "sequence": 100, "ignore_fail": false}}, {"model": "sat_toolkit.teststepsequence", "pk": 387, "fields": {"testcase": 142, "teststep": 173, "sequence": 1, "ignore_fail": false}}, {"model": "sat_toolkit.teststepsequence", "pk": 388, "fields": {"testcase": 142, "teststep": 82, "sequence": 2, "ignore_fail": false}}, {"model": "sat_toolkit.teststepsequence", "pk": 389, "fields": {"testcase": 143, "teststep": 173, "sequence": 1, "ignore_fail": false}}, {"model": "sat_toolkit.teststepsequence", "pk": 390, "fields": {"testcase": 143, "teststep": 82, "sequence": 2, "ignore_fail": false}}, {"model": "sat_toolkit.teststepsequence", "pk": 393, "fields": {"testcase": 165, "teststep": 207, "sequence": 100, "ignore_fail": false}}, {"model": "sat_toolkit.teststepsequence", "pk": 394, "fields": {"testcase": 167, "teststep": 209, "sequence": 100, "ignore_fail": false}}, {"model": "sat_toolkit.teststepsequence", "pk": 395, "fields": {"testcase": 185, "teststep": 210, "sequence": 100, "ignore_fail": false}}, {"model": "sat_toolkit.teststepsequence", "pk": 396, "fields": {"testcase": 186, "teststep": 211, "sequence": 100, "ignore_fail": false}}, {"model": "sat_toolkit.teststepsequence", "pk": 397, "fields": {"testcase": 157, "teststep": 173, "sequence": 1, "ignore_fail": false}}, {"model": "sat_toolkit.teststepsequence", "pk": 398, "fields": {"testcase": 157, "teststep": 206, "sequence": 2, "ignore_fail": true}}, {"model": "sat_toolkit.teststepsequence", "pk": 399, "fields": {"testcase": 156, "teststep": 173, "sequence": 1, "ignore_fail": false}}, {"model": "sat_toolkit.teststepsequence", "pk": 400, "fields": {"testcase": 156, "teststep": 212, "sequence": 2, "ignore_fail": true}}, {"model": "sat_toolkit.teststepsequence", "pk": 401, "fields": {"testcase": 149, "teststep": 173, "sequence": 1, "ignore_fail": false}}, {"model": "sat_toolkit.teststepsequence", "pk": 402, "fields": {"testcase": 149, "teststep": 206, "sequence": 2, "ignore_fail": true}}, {"model": "sat_toolkit.teststepsequence", "pk": 403, "fields": {"testcase": 150, "teststep": 173, "sequence": 1, "ignore_fail": false}}, {"model": "sat_toolkit.teststepsequence", "pk": 404, "fields": {"testcase": 150, "teststep": 214, "sequence": 2, "ignore_fail": true}}, {"model": "sat_toolkit.teststepsequence", "pk": 405, "fields": {"testcase": 155, "teststep": 160, "sequence": 1, "ignore_fail": false}}, {"model": "sat_toolkit.teststepsequence", "pk": 406, "fields": {"testcase": 155, "teststep": 205, "sequence": 2, "ignore_fail": true}}, {"model": "sat_toolkit.teststepsequence", "pk": 407, "fields": {"testcase": 154, "teststep": 160, "sequence": 1, "ignore_fail": false}}, {"model": "sat_toolkit.teststepsequence", "pk": 408, "fields": {"testcase": 154, "teststep": 216, "sequence": 2, "ignore_fail": true}}, {"model": "sat_toolkit.teststepsequence", "pk": 409, "fields": {"testcase": 146, "teststep": 160, "sequence": 1, "ignore_fail": false}}, {"model": "sat_toolkit.teststepsequence", "pk": 410, "fields": {"testcase": 146, "teststep": 163, "sequence": 2, "ignore_fail": true}}, {"model": "sat_toolkit.teststepsequence", "pk": 411, "fields": {"testcase": 147, "teststep": 160, "sequence": 1, "ignore_fail": false}}, {"model": "sat_toolkit.teststepsequence", "pk": 412, "fields": {"testcase": 147, "teststep": 215, "sequence": 2, "ignore_fail": true}}, {"model": "sat_toolkit.teststepsequence", "pk": 413, "fields": {"testcase": 148, "teststep": 160, "sequence": 1, "ignore_fail": false}}, {"model": "sat_toolkit.teststepsequence", "pk": 414, "fields": {"testcase": 148, "teststep": 217, "sequence": 2, "ignore_fail": true}}, {"model": "sat_toolkit.teststepsequence", "pk": 415, "fields": {"testcase": 162, "teststep": 92, "sequence": 100, "ignore_fail": false}}, {"model": "sat_toolkit.teststepsequence", "pk": 416, "fields": {"testcase": 162, "teststep": 218, "sequence": 100, "ignore_fail": false}}, {"model": "sat_toolkit.teststepsequence", "pk": 419, "fields": {"testcase": 153, "teststep": 189, "sequence": 1, "ignore_fail": false}}, {"model": "sat_toolkit.teststepsequence", "pk": 420, "fields": {"testcase": 153, "teststep": 220, "sequence": 2, "ignore_fail": true}}, {"model": "sat_toolkit.teststepsequence", "pk": 421, "fields": {"testcase": 160, "teststep": 189, "sequence": 1, "ignore_fail": false}}, {"model": "sat_toolkit.teststepsequence", "pk": 422, "fields": {"testcase": 160, "teststep": 222, "sequence": 2, "ignore_fail": true}}, {"model": "sat_toolkit.teststepsequence", "pk": 423, "fields": {"testcase": 161, "teststep": 189, "sequence": 1, "ignore_fail": false}}, {"model": "sat_toolkit.teststepsequence", "pk": 424, "fields": {"testcase": 161, "teststep": 221, "sequence": 2, "ignore_fail": true}}, {"model": "sat_toolkit.teststepsequence", "pk": 425, "fields": {"testcase": 159, "teststep": 196, "sequence": 1, "ignore_fail": false}}, {"model": "sat_toolkit.teststepsequence", "pk": 427, "fields": {"testcase": 159, "teststep": 223, "sequence": 2, "ignore_fail": true}}, {"model": "sat_toolkit.teststepsequence", "pk": 428, "fields": {"testcase": 158, "teststep": 196, "sequence": 1, "ignore_fail": false}}, {"model": "sat_toolkit.teststepsequence", "pk": 429, "fields": {"testcase": 158, "teststep": 226, "sequence": 2, "ignore_fail": true}}, {"model": "sat_toolkit.teststepsequence", "pk": 430, "fields": {"testcase": 151, "teststep": 196, "sequence": 1, "ignore_fail": false}}, {"model": "sat_toolkit.teststepsequence", "pk": 431, "fields": {"testcase": 151, "teststep": 224, "sequence": 2, "ignore_fail": true}}, {"model": "sat_toolkit.teststepsequence", "pk": 432, "fields": {"testcase": 152, "teststep": 196, "sequence": 1, "ignore_fail": false}}, {"model": "sat_toolkit.teststepsequence", "pk": 433, "fields": {"testcase": 152, "teststep": 225, "sequence": 2, "ignore_fail": true}}, {"model": "sat_toolkit.teststepsequence", "pk": 434, "fields": {"testcase": 179, "teststep": 157, "sequence": 100, "ignore_fail": false}}, {"model": "sat_toolkit.teststepsequence", "pk": 435, "fields": {"testcase": 179, "teststep": 180, "sequence": 100, "ignore_fail": false}}, {"model": "sat_toolkit.teststepsequence", "pk": 436, "fields": {"testcase": 179, "teststep": 181, "sequence": 100, "ignore_fail": false}}, {"model": "sat_toolkit.teststepsequence", "pk": 437, "fields": {"testcase": 113, "teststep": 179, "sequence": 100, "ignore_fail": false}}, {"model": "sat_toolkit.teststepsequence", "pk": 438, "fields": {"testcase": 116, "teststep": 189, "sequence": 1, "ignore_fail": false}}, {"model": "sat_toolkit.teststepsequence", "pk": 439, "fields": {"testcase": 115, "teststep": 189, "sequence": 100, "ignore_fail": false}}, {"model": "sat_toolkit.teststepsequence", "pk": 440, "fields": {"testcase": 115, "teststep": 228, "sequence": 100, "ignore_fail": false}}, {"model": "sat_toolkit.teststepsequence", "pk": 441, "fields": {"testcase": 115, "teststep": 230, "sequence": 100, "ignore_fail": false}}, {"model": "sat_toolkit.teststepsequence", "pk": 442, "fields": {"testcase": 115, "teststep": 189, "sequence": 100, "ignore_fail": false}}, {"model": "sat_toolkit.teststepsequence", "pk": 443, "fields": {"testcase": 115, "teststep": 231, "sequence": 100, "ignore_fail": false}}, {"model": "sat_toolkit.teststepsequence", "pk": 444, "fields": {"testcase": 116, "teststep": 229, "sequence": 2, "ignore_fail": false}}, {"model": "sat_toolkit.teststepsequence", "pk": 445, "fields": {"testcase": 116, "teststep": 230, "sequence": 3, "ignore_fail": false}}, {"model": "sat_toolkit.teststepsequence", "pk": 446, "fields": {"testcase": 116, "teststep": 189, "sequence": 4, "ignore_fail": false}}, {"model": "sat_toolkit.teststepsequence", "pk": 447, "fields": {"testcase": 116, "teststep": 232, "sequence": 5, "ignore_fail": false}}, {"model": "sat_toolkit.teststepsequence", "pk": 448, "fields": {"testcase": 120, "teststep": 189, "sequence": 100, "ignore_fail": false}}, {"model": "sat_toolkit.teststepsequence", "pk": 449, "fields": {"testcase": 120, "teststep": 233, "sequence": 100, "ignore_fail": false}}, {"model": "sat_toolkit.teststepsequence", "pk": 450, "fields": {"testcase": 121, "teststep": 189, "sequence": 100, "ignore_fail": false}}, {"model": "sat_toolkit.teststepsequence", "pk": 451, "fields": {"testcase": 121, "teststep": 234, "sequence": 100, "ignore_fail": false}}, {"model": "sat_toolkit.teststepsequence", "pk": 452, "fields": {"testcase": 124, "teststep": 189, "sequence": 100, "ignore_fail": false}}, {"model": "sat_toolkit.teststepsequence", "pk": 453, "fields": {"testcase": 124, "teststep": 235, "sequence": 100, "ignore_fail": false}}, {"model": "sat_toolkit.teststepsequence", "pk": 454, "fields": {"testcase": 125, "teststep": 189, "sequence": 100, "ignore_fail": false}}, {"model": "sat_toolkit.teststepsequence", "pk": 455, "fields": {"testcase": 125, "teststep": 236, "sequence": 100, "ignore_fail": false}}, {"model": "sat_toolkit.teststepsequence", "pk": 456, "fields": {"testcase": 192, "teststep": 173, "sequence": 1, "ignore_fail": false}}, {"model": "sat_toolkit.teststepsequence", "pk": 457, "fields": {"testcase": 192, "teststep": 82, "sequence": 2, "ignore_fail": false}}, {"model": "sat_toolkit.teststepsequence", "pk": 458, "fields": {"testcase": 191, "teststep": 173, "sequence": 1, "ignore_fail": false}}, {"model": "sat_toolkit.teststepsequence", "pk": 459, "fields": {"testcase": 191, "teststep": 82, "sequence": 2, "ignore_fail": false}}, {"model": "sat_toolkit.teststepsequence", "pk": 460, "fields": {"testcase": 142, "teststep": 202, "sequence": 3, "ignore_fail": true}}, {"model": "sat_toolkit.teststepsequence", "pk": 461, "fields": {"testcase": 168, "teststep": 157, "sequence": 100, "ignore_fail": false}}, {"model": "sat_toolkit.teststepsequence", "pk": 462, "fields": {"testcase": 194, "teststep": 159, "sequence": 100, "ignore_fail": false}}, {"model": "sat_toolkit.teststepsequence", "pk": 463, "fields": {"testcase": 146, "teststep": 241, "sequence": 100, "ignore_fail": false}}, {"model": "sat_toolkit.teststepsequence", "pk": 464, "fields": {"testcase": 147, "teststep": 241, "sequence": 3, "ignore_fail": false}}, {"model": "sat_toolkit.teststepsequence", "pk": 465, "fields": {"testcase": 148, "teststep": 241, "sequence": 3, "ignore_fail": false}}, {"model": "sat_toolkit.teststepsequence", "pk": 466, "fields": {"testcase": 149, "teststep": 241, "sequence": 3, "ignore_fail": true}}, {"model": "sat_toolkit.teststepsequence", "pk": 467, "fields": {"testcase": 150, "teststep": 241, "sequence": 3, "ignore_fail": false}}, {"model": "sat_toolkit.teststepsequence", "pk": 468, "fields": {"testcase": 151, "teststep": 241, "sequence": 3, "ignore_fail": true}}, {"model": "sat_toolkit.teststepsequence", "pk": 469, "fields": {"testcase": 158, "teststep": 241, "sequence": 100, "ignore_fail": true}}, {"model": "sat_toolkit.teststepsequence", "pk": 470, "fields": {"testcase": 152, "teststep": 241, "sequence": 100, "ignore_fail": true}}, {"model": "sat_toolkit.teststepsequence", "pk": 471, "fields": {"testcase": 153, "teststep": 241, "sequence": 100, "ignore_fail": true}}, {"model": "sat_toolkit.teststepsequence", "pk": 472, "fields": {"testcase": 154, "teststep": 241, "sequence": 100, "ignore_fail": true}}, {"model": "sat_toolkit.teststepsequence", "pk": 473, "fields": {"testcase": 155, "teststep": 241, "sequence": 100, "ignore_fail": true}}, {"model": "sat_toolkit.teststepsequence", "pk": 474, "fields": {"testcase": 156, "teststep": 241, "sequence": 100, "ignore_fail": true}}, {"model": "sat_toolkit.teststepsequence", "pk": 475, "fields": {"testcase": 157, "teststep": 241, "sequence": 100, "ignore_fail": true}}, {"model": "sat_toolkit.teststepsequence", "pk": 476, "fields": {"testcase": 159, "teststep": 241, "sequence": 100, "ignore_fail": true}}, {"model": "sat_toolkit.teststepsequence", "pk": 477, "fields": {"testcase": 160, "teststep": 241, "sequence": 100, "ignore_fail": true}}, {"model": "sat_toolkit.teststepsequence", "pk": 478, "fields": {"testcase": 161, "teststep": 241, "sequence": 100, "ignore_fail": true}}, {"model": "sat_toolkit.teststepsequence", "pk": 480, "fields": {"testcase": 143, "teststep": 204, "sequence": 3, "ignore_fail": true}}, {"model": "sat_toolkit.teststepsequence", "pk": 482, "fields": {"testcase": 191, "teststep": 239, "sequence": 3, "ignore_fail": true}}, {"model": "sat_toolkit.teststepsequence", "pk": 483, "fields": {"testcase": 192, "teststep": 238, "sequence": 3, "ignore_fail": true}}, {"model": "sat_toolkit.teststepsequence", "pk": 484, "fields": {"testcase": 192, "teststep": 244, "sequence": 100, "ignore_fail": false}}, {"model": "sat_toolkit.teststepsequence", "pk": 485, "fields": {"testcase": 191, "teststep": 244, "sequence": 100, "ignore_fail": false}}, {"model": "sat_toolkit.teststepsequence", "pk": 486, "fields": {"testcase": 143, "teststep": 244, "sequence": 100, "ignore_fail": false}}, {"model": "sat_toolkit.teststepsequence", "pk": 487, "fields": {"testcase": 142, "teststep": 244, "sequence": 100, "ignore_fail": false}}, {"model": "sat_toolkit.teststep", "pk": 82, "fields": {"name": "DHU || 打开DHU ADB", "description": "", "enabled": true, "cmd_type": "Python File", "command_detail": "dhu/adb/check_dhu_connected_and_adb_enabled.py", "pass_condition": "Record", "predefined_list": ""}}, {"model": "sat_toolkit.teststep", "pk": 84, "fields": {"name": "DHU || 检查app数据是否有访问控制", "description": "", "enabled": true, "cmd_type": "Python File", "command_detail": "dhu/adb/check_dhu_app_permission.py", "pass_condition": "Record", "predefined_list": ""}}, {"model": "sat_toolkit.teststep", "pk": 85, "fields": {"name": "DHU || 检查DHU日志是否有访问控制", "description": "", "enabled": true, "cmd_type": "Python File", "command_detail": "dhu/adb/check_dhu_log_permission.py", "pass_condition": "Record", "predefined_list": ""}}, {"model": "sat_toolkit.teststep", "pk": 86, "fields": {"name": "DHU || 检查DHU配置文件是否有访问控制", "description": "", "enabled": true, "cmd_type": "Python File", "command_detail": "dhu/adb/check_dhu_config_permission.py", "pass_condition": "Record", "predefined_list": ""}}, {"model": "sat_toolkit.teststep", "pk": 87, "fields": {"name": "DHU || 检查是否有任意用户可写文件", "description": "", "enabled": true, "cmd_type": "Python File", "command_detail": "dhu/adb/check_dhu_user_writable_files.py", "pass_condition": "Record", "predefined_list": ""}}, {"model": "sat_toolkit.teststep", "pk": 89, "fields": {"name": "DHU || 检查是否有Suid程序", "description": "", "enabled": true, "cmd_type": "Python File", "command_detail": "dhu/adb/check_dhu_suid_bin.py", "pass_condition": "Record", "predefined_list": ""}}, {"model": "sat_toolkit.teststep", "pk": 91, "fields": {"name": "DHU || 检查是否开启了selinux", "description": "", "enabled": true, "cmd_type": "Python File", "command_detail": "dhu/adb/check_dhu_selinux.py", "pass_condition": "Record", "predefined_list": ""}}, {"model": "sat_toolkit.teststep", "pk": 92, "fields": {"name": "TCAM || 打开tcam的usb adb", "description": "", "enabled": true, "cmd_type": "Python File", "command_detail": "tcam/adb/check_tcam_connected_and_adb_enabled.py", "pass_condition": "Record", "predefined_list": ""}}, {"model": "sat_toolkit.teststep", "pk": 93, "fields": {"name": "TCAM || 检查adb pull push是否鉴权", "description": "", "enabled": true, "cmd_type": "Python File", "command_detail": "tcam/adb/check_tcam_pull_push_file_without_permission.py", "pass_condition": "Record", "predefined_list": ""}}, {"model": "sat_toolkit.teststep", "pk": 95, "fields": {"name": "DHU || 检查能否通过adb install安装app", "description": "", "enabled": true, "cmd_type": "Python File", "command_detail": "dhu/adb/check_dhu_install_apk.py", "pass_condition": "Record", "predefined_list": ""}}, {"model": "sat_toolkit.teststep", "pk": 142, "fields": {"name": "DHU || 检查Android Security Patch日期", "description": "", "enabled": true, "cmd_type": "Python File", "command_detail": "dhu/adb/check_dhu_android_security_patch.py 180", "pass_condition": "Record", "predefined_list": ""}}, {"model": "sat_toolkit.teststep", "pk": 143, "fields": {"name": "DHU || 检查WebView版本", "description": "", "enabled": true, "cmd_type": "Python File", "command_detail": "dhu/adb/check_dhu_webview_version.py 115 0 0 0", "pass_condition": "Record", "predefined_list": ""}}, {"model": "sat_toolkit.teststep", "pk": 144, "fields": {"name": "DHU || 检查是否有内部研发测试APP安装", "description": "", "enabled": true, "cmd_type": "Python File", "command_detail": "dhu/adb/check_dhu_debug_app_find.py", "pass_condition": "Record", "predefined_list": ""}}, {"model": "sat_toolkit.teststep", "pk": 148, "fields": {"name": "DHU || 检查是否有ADB ROOT", "description": "", "enabled": true, "cmd_type": "Python File", "command_detail": "dhu/adb/check_dhu_adb_root.py adb", "pass_condition": "Record", "predefined_list": ""}}, {"model": "sat_toolkit.teststep", "pk": 149, "fields": {"name": "DHU || 检查是否有任意用户可写目录", "description": "", "enabled": true, "cmd_type": "Python File", "command_detail": "dhu/adb/check_dhu_user_writable_dirs.py", "pass_condition": "Record", "predefined_list": ""}}, {"model": "sat_toolkit.teststep", "pk": 153, "fields": {"name": "SAT || SAT已经模拟为U盘，请确认DHU兼容性", "description": "", "enabled": true, "cmd_type": "Python File", "command_detail": "user_confirm.py SAT已经模拟为U盘，请确认DHU兼容性", "pass_condition": "Record", "predefined_list": ""}}, {"model": "sat_toolkit.teststep", "pk": 154, "fields": {"name": "SAT || SAT已经模拟为USB键盘，请确认DHU兼容性", "description": "", "enabled": true, "cmd_type": "Python File", "command_detail": "user_confirm.py SAT已经模拟为USB键盘，请确认DHU兼容性", "pass_condition": "Record", "predefined_list": ""}}, {"model": "sat_toolkit.teststep", "pk": 155, "fields": {"name": "SAT || SAT已经模拟为USB鼠标，请确认DHU兼容性", "description": "", "enabled": true, "cmd_type": "Python File", "command_detail": "user_confirm.py SAT已经模拟为USB鼠标，请确认DHU兼容性", "pass_condition": "Record", "predefined_list": ""}}, {"model": "sat_toolkit.teststep", "pk": 156, "fields": {"name": "SAT || SAT已经模拟为U盘，请确认DHU能否安装U盘内的APP", "description": "", "enabled": true, "cmd_type": "Python File", "command_detail": "user_confirm.py SAT已经模拟为U盘，请确认DHU能否安装U盘内的APP", "pass_condition": "Record", "predefined_list": ""}}, {"model": "sat_toolkit.teststep", "pk": 157, "fields": {"name": "DHU || 关闭DHU ADB", "description": "", "enabled": true, "cmd_type": "Python File", "command_detail": "dhu/adb/check_dhu_connected_and_adb_disabled.py true", "pass_condition": "Record", "predefined_list": ""}}, {"model": "sat_toolkit.teststep", "pk": 158, "fields": {"name": "DHU || 检查DHU USB在非调试模式下是否存在ADB", "description": "", "enabled": true, "cmd_type": "Python File", "command_detail": "sat/check_usb_debug_port.py", "pass_condition": "Record", "predefined_list": ""}}, {"model": "sat_toolkit.teststep", "pk": 159, "fields": {"name": "TCAM || 关闭tcam的usb adb", "description": "", "enabled": true, "cmd_type": "Python File", "command_detail": "tcam/adb/check_tcam_connected_and_adb_disabled.py", "pass_condition": "Record", "predefined_list": ""}}, {"model": "sat_toolkit.teststep", "pk": 160, "fields": {"name": "TCAM || SAT连接TCAM的热点", "description": "", "enabled": true, "cmd_type": "Python File", "command_detail": "tcam/wifi/sat_connect_tcam_wifi.py", "pass_condition": "Record", "predefined_list": ""}}, {"model": "sat_toolkit.teststep", "pk": 163, "fields": {"name": "TCAM || 通过TCAM AP WIFI扫描内网ip列表", "description": "", "enabled": true, "cmd_type": "Python File", "command_detail": "ip_port_scan.py  ip_tcamapforward  fast", "pass_condition": "Record", "predefined_list": ""}}, {"model": "sat_toolkit.teststep", "pk": 164, "fields": {"name": "TCAM || 通过TCAM SHELL扫描内网ip列表", "description": "", "enabled": true, "cmd_type": "Python File", "command_detail": "tcam/wifi/internal_ip_scan.py record", "pass_condition": "Record", "predefined_list": ""}}, {"model": "sat_toolkit.teststep", "pk": 165, "fields": {"name": "TCAM || 对TCAM进行MAC Flood攻击", "description": "", "enabled": true, "cmd_type": "Python File", "command_detail": "flood_attack.py  mac  tcam", "pass_condition": "Record", "predefined_list": ""}}, {"model": "sat_toolkit.teststep", "pk": 167, "fields": {"name": "TCAM || 对TCAM进行ICMP Flood攻击", "description": "", "enabled": true, "cmd_type": "Python File", "command_detail": "flood_attack.py icmp tcam", "pass_condition": "Record", "predefined_list": ""}}, {"model": "sat_toolkit.teststep", "pk": 169, "fields": {"name": "TCAM || 对TCAM进行TCP Flood攻击", "description": "", "enabled": true, "cmd_type": "Python File", "command_detail": "flood_attack.py  tcp  tcam", "pass_condition": "Record", "predefined_list": ""}}, {"model": "sat_toolkit.teststep", "pk": 171, "fields": {"name": "TCAM || 对TCAM进行UDP Flood攻击", "description": "", "enabled": true, "cmd_type": "Python File", "command_detail": "flood_attack.py udp tcam", "pass_condition": "Record", "predefined_list": ""}}, {"model": "sat_toolkit.teststep", "pk": 173, "fields": {"name": "TCAM || TCAM连接SAT的热点", "description": "", "enabled": true, "cmd_type": "Python File", "command_detail": "tcam/wifi/tcam_connect_sat_wifi.py", "pass_condition": "Record", "predefined_list": ""}}, {"model": "sat_toolkit.teststep", "pk": 175, "fields": {"name": "OBD || 车辆已连接OBD，打开DHU调试模式", "description": "", "enabled": true, "cmd_type": "Python File", "command_detail": "doip/check_doip_connected_and_debug.py open dhu", "pass_condition": "Record", "predefined_list": ""}}, {"model": "sat_toolkit.teststep", "pk": 177, "fields": {"name": "TCAM || 检测TCAM WIFI是否正确处理格式化字符串的SAT热点名称", "description": "", "enabled": true, "cmd_type": "Python File", "command_detail": "sat/sat_rename_ap_name.py", "pass_condition": "Record", "predefined_list": ""}}, {"model": "sat_toolkit.teststep", "pk": 178, "fields": {"name": "TCAM || 扫描汽车TCAM热点，检测热点加密模式", "description": "", "enabled": true, "cmd_type": "Python File", "command_detail": "sat/sat_scan_vehicle_ap.py tcam", "pass_condition": "Record", "predefined_list": ""}}, {"model": "sat_toolkit.teststep", "pk": 179, "fields": {"name": "OBD || 对ECU零部件进行10服务的后门指令扫描", "description": "", "enabled": true, "cmd_type": "Python File", "command_detail": "doip/check_doip_hide_10cmd.py", "pass_condition": "Record", "predefined_list": ""}}, {"model": "sat_toolkit.teststep", "pk": 180, "fields": {"name": "DHU || 检查工程模式是否能被am启动", "description": "", "enabled": true, "cmd_type": "Python File", "command_detail": "dhu/adb/check_dhu_am_start.py engineer", "pass_condition": "Record", "predefined_list": ""}}, {"model": "sat_toolkit.teststep", "pk": 181, "fields": {"name": "DHU || 检查系统设置是否能被am启动", "description": "", "enabled": true, "cmd_type": "Python File", "command_detail": "dhu/adb/check_dhu_am_start.py settings", "pass_condition": "Record", "predefined_list": ""}}, {"model": "sat_toolkit.teststep", "pk": 182, "fields": {"name": "DHU || 检查能否su提权成root", "description": "", "enabled": true, "cmd_type": "Python File", "command_detail": "dhu/adb/check_dhu_adb_root.py  su", "pass_condition": "Record", "predefined_list": ""}}, {"model": "sat_toolkit.teststep", "pk": 184, "fields": {"name": "OBD || 车辆已连接OBD，关闭TCAM调试模式", "description": "", "enabled": true, "cmd_type": "Bash Command", "command_detail": "", "pass_condition": "Record", "predefined_list": ""}}, {"model": "sat_toolkit.teststep", "pk": 185, "fields": {"name": "OBD || 车辆已连接OBD，打开TCAM调试模式", "description": "", "enabled": true, "cmd_type": "Bash Command", "command_detail": "", "pass_condition": "Record", "predefined_list": ""}}, {"model": "sat_toolkit.teststep", "pk": 186, "fields": {"name": "TCAM || 通过TCAM STA WIFI扫描内网ip列表", "description": "", "enabled": true, "cmd_type": "Bash Command", "command_detail": "", "pass_condition": "Record", "predefined_list": ""}}, {"model": "sat_toolkit.teststep", "pk": 187, "fields": {"name": "DHU || 通过DHU SHELL扫描内网ip列表", "description": "", "enabled": true, "cmd_type": "Bash Command", "command_detail": "", "pass_condition": "Record", "predefined_list": ""}}, {"model": "sat_toolkit.teststep", "pk": 188, "fields": {"name": "TCAM || 检查TCAM私网APN是否存在车车互联隔离", "description": "", "enabled": true, "cmd_type": "Bash Command", "command_detail": "", "pass_condition": "Record", "predefined_list": ""}}, {"model": "sat_toolkit.teststep", "pk": 189, "fields": {"name": "OBD || 连接OBD，确认连同以太网", "description": "", "enabled": true, "cmd_type": "Python File", "command_detail": "doip/check_doip_connected.py", "pass_condition": "Record", "predefined_list": ""}}, {"model": "sat_toolkit.teststep", "pk": 190, "fields": {"name": "OBD || 对VGM进行ICMP Flood攻击", "description": "", "enabled": true, "cmd_type": "Python File", "command_detail": "flood_attack.py icmp vgm", "pass_condition": "Record", "predefined_list": ""}}, {"model": "sat_toolkit.teststep", "pk": 191, "fields": {"name": "OBD || 对VGM进行MAC Flood攻击", "description": "", "enabled": true, "cmd_type": "Python File", "command_detail": "flood_attack.py mac vgm", "pass_condition": "Record", "predefined_list": ""}}, {"model": "sat_toolkit.teststep", "pk": 192, "fields": {"name": "OBD || 对VGM进行TCP Flood攻击", "description": "", "enabled": true, "cmd_type": "Python File", "command_detail": "flood_attack.py tcp vgm", "pass_condition": "Record", "predefined_list": ""}}, {"model": "sat_toolkit.teststep", "pk": 193, "fields": {"name": "OBD || 对VGM进行UDP Flood攻击", "description": "", "enabled": true, "cmd_type": "Python File", "command_detail": "flood_attack.py udp vgm", "pass_condition": "Record", "predefined_list": ""}}, {"model": "sat_toolkit.teststep", "pk": 194, "fields": {"name": "OBD || OBD CAN泛洪拒绝服务攻击", "description": "", "enabled": true, "cmd_type": "Bash Command", "command_detail": "", "pass_condition": "Record", "predefined_list": ""}}, {"model": "sat_toolkit.teststep", "pk": 195, "fields": {"name": "OBD || 连接OBD，确认连接上了CAN", "description": "", "enabled": true, "cmd_type": "Bash Command", "command_detail": "", "pass_condition": "Record", "predefined_list": ""}}, {"model": "sat_toolkit.teststep", "pk": 196, "fields": {"name": "DHU || SAT连接DHU WIFI的热点", "description": "", "enabled": true, "cmd_type": "Python File", "command_detail": "tcam/wifi/sat_connect_dhu_wifi.py", "pass_condition": "Record", "predefined_list": ""}}, {"model": "sat_toolkit.teststep", "pk": 197, "fields": {"name": "DHU || 对DHU进行UDP Flood攻击", "description": "", "enabled": true, "cmd_type": "Python File", "command_detail": "flood_attack.py udp dhu", "pass_condition": "Record", "predefined_list": ""}}, {"model": "sat_toolkit.teststep", "pk": 198, "fields": {"name": "DHU || 对DHU进行TCP Flood攻击", "description": "", "enabled": true, "cmd_type": "Python File", "command_detail": "flood_attack.py tcp dhu", "pass_condition": "Record", "predefined_list": ""}}, {"model": "sat_toolkit.teststep", "pk": 199, "fields": {"name": "DHU || 对DHU进行MAC Flood攻击", "description": "", "enabled": true, "cmd_type": "Python File", "command_detail": "flood_attack.py mac dhu", "pass_condition": "Record", "predefined_list": ""}}, {"model": "sat_toolkit.teststep", "pk": 200, "fields": {"name": "DHU || 对DHU进行ICMP Flood攻击", "description": "", "enabled": true, "cmd_type": "Python File", "command_detail": "flood_attack.py icmp dhu", "pass_condition": "Record", "predefined_list": ""}}, {"model": "sat_toolkit.teststep", "pk": 201, "fields": {"name": "DHU || 扫描汽车DHU热点，检测热点加密模式", "description": "", "enabled": true, "cmd_type": "Bash Command", "command_detail": "", "pass_condition": "Record", "predefined_list": ""}}, {"model": "sat_toolkit.teststep", "pk": 202, "fields": {"name": "Multi || 中间人检测，判断DHU是否有HTTP不安全流量", "description": "", "enabled": true, "cmd_type": "Python File", "command_detail": "wifi_mitm_attack.py http dhu", "pass_condition": "Record", "predefined_list": ""}}, {"model": "sat_toolkit.teststep", "pk": 204, "fields": {"name": "Multi || 中间人检测，判断DHU是否有HTTPS未作单向校验流量", "description": "", "enabled": true, "cmd_type": "Python File", "command_detail": "wifi_mitm_attack.py https dhu", "pass_condition": "Record", "predefined_list": ""}}, {"model": "sat_toolkit.teststep", "pk": 205, "fields": {"name": "TCAM || 通过TCAM AP WIFI扫描内网ip的端口列表", "description": "", "enabled": true, "cmd_type": "Python File", "command_detail": "ip_port_scan.py port_tcamapforward fast", "pass_condition": "Record", "predefined_list": ""}}, {"model": "sat_toolkit.teststep", "pk": 206, "fields": {"name": "TCAM || 通过TCAM STA WIFI扫描内网ip的端口列表", "description": "", "enabled": true, "cmd_type": "Python File", "command_detail": "ip_port_scan.py ip_tcamstaforward fast", "pass_condition": "Record", "predefined_list": ""}}, {"model": "sat_toolkit.teststep", "pk": 207, "fields": {"name": "TCAM || 通过TCAM SHELL扫描内网ip的端口列表", "description": "", "enabled": true, "cmd_type": "Python File", "command_detail": "ip_port_scan.py port_tcam_internal_scan fast", "pass_condition": "Record", "predefined_list": ""}}, {"model": "sat_toolkit.teststep", "pk": 209, "fields": {"name": "DHU || 通过DHU SHELL扫描内网ip的端口列表", "description": "", "enabled": true, "cmd_type": "Python File", "command_detail": "ip_port_scan.py port_dhu_internal_scan fast", "pass_condition": "Record", "predefined_list": ""}}, {"model": "sat_toolkit.teststep", "pk": 210, "fields": {"name": "TCAM || 通过TCAM SHELL的SS检查TCAM自身的端口", "description": "", "enabled": true, "cmd_type": "Python File", "command_detail": "ip_port_scan.py port_tcam_ss fast", "pass_condition": "Record", "predefined_list": ""}}, {"model": "sat_toolkit.teststep", "pk": 211, "fields": {"name": "DHU || 通过DHU SHELL的SS检查DHU自身的端口", "description": "", "enabled": true, "cmd_type": "Python File", "command_detail": "ip_port_scan.py port_dhu_ss fast", "pass_condition": "Record", "predefined_list": ""}}, {"model": "sat_toolkit.teststep", "pk": 212, "fields": {"name": "TCAM || 通过TCAM STA WIFI扫描TCAM自身的端口列表", "description": "", "enabled": true, "cmd_type": "Python File", "command_detail": "ip_port_scan.py port_tcamstainput fast", "pass_condition": "Record", "predefined_list": ""}}, {"model": "sat_toolkit.teststep", "pk": 214, "fields": {"name": "TCAM || 通过TCAM WIFI STA扫描TCAM自身的ip列表", "description": "", "enabled": true, "cmd_type": "Python File", "command_detail": "ip_port_scan.py ip_tcamstainput fast", "pass_condition": "Record", "predefined_list": ""}}, {"model": "sat_toolkit.teststep", "pk": 215, "fields": {"name": "TCAM || 通过TCAM AP WIFI扫描TCAM自身的ip列表", "description": "", "enabled": true, "cmd_type": "Python File", "command_detail": "ip_port_scan.py  ip_tcamapinput  fast", "pass_condition": "Record", "predefined_list": ""}}, {"model": "sat_toolkit.teststep", "pk": 216, "fields": {"name": "TCAM || 通过TCAM AP WIFI扫描TCAM自身的端口列表", "description": "", "enabled": true, "cmd_type": "Python File", "command_detail": "ip_port_scan.py port_tcamapinput fast", "pass_condition": "Record", "predefined_list": ""}}, {"model": "sat_toolkit.teststep", "pk": 217, "fields": {"name": "TCAM || 通过TCAM AP WIFI扫描APN公网车车是否隔离", "description": "", "enabled": true, "cmd_type": "Python File", "command_detail": "ip_port_scan.py ip_tcamap_publicapn fast", "pass_condition": "Record", "predefined_list": ""}}, {"model": "sat_toolkit.teststep", "pk": 218, "fields": {"name": "TCAM || 检查TCAM APN私网云端是否暴漏内部服务", "description": "", "enabled": true, "cmd_type": "Bash Command", "command_detail": "", "pass_condition": "Record", "predefined_list": ""}}, {"model": "sat_toolkit.teststep", "pk": 219, "fields": {"name": "TCAM || 检查TCAM APN公网云端是否暴漏内部服务", "description": "", "enabled": true, "cmd_type": "Bash Command", "command_detail": "", "pass_condition": "Record", "predefined_list": ""}}, {"model": "sat_toolkit.teststep", "pk": 220, "fields": {"name": "OBD || 通过OBD以太网扫描内网ip列表", "description": "", "enabled": true, "cmd_type": "Python File", "command_detail": "ip_port_scan.py ip_obdforward fast", "pass_condition": "Record", "predefined_list": ""}}, {"model": "sat_toolkit.teststep", "pk": 221, "fields": {"name": "OBD || 通过OBD以太网扫描内网ip的端口列表", "description": "", "enabled": true, "cmd_type": "Python File", "command_detail": "ip_port_scan.py port_obdforward fast", "pass_condition": "Record", "predefined_list": ""}}, {"model": "sat_toolkit.teststep", "pk": 222, "fields": {"name": "OBD || 通过OBD以太网扫描VGM自身的端口列表", "description": "", "enabled": true, "cmd_type": "Python File", "command_detail": "ip_port_scan.py port_obdinput fast", "pass_condition": "Record", "predefined_list": ""}}, {"model": "sat_toolkit.teststep", "pk": 223, "fields": {"name": "DHU || 通过DHU AP WIFI扫描内网ip的端口列表", "description": "", "enabled": true, "cmd_type": "Python File", "command_detail": "ip_port_scan.py port_dhuapforward fast", "pass_condition": "Record", "predefined_list": ""}}, {"model": "sat_toolkit.teststep", "pk": 224, "fields": {"name": "DHU || 通过DHU AP WIFI扫描内网ip列表", "description": "", "enabled": true, "cmd_type": "Python File", "command_detail": "ip_port_scan.py ip_dhuapforward fast", "pass_condition": "Record", "predefined_list": ""}}, {"model": "sat_toolkit.teststep", "pk": 225, "fields": {"name": "DHU || 通过DHU AP WIFI扫描DHU自身的ip列表", "description": "", "enabled": true, "cmd_type": "Python File", "command_detail": "ip_port_scan.py ip_dhuapinput fast", "pass_condition": "Record", "predefined_list": ""}}, {"model": "sat_toolkit.teststep", "pk": 226, "fields": {"name": "DHU || 通过DHU AP WIFI扫描DHU自身的端口列表", "description": "", "enabled": true, "cmd_type": "Python File", "command_detail": "ip_port_scan.py port_dhuapinput fast", "pass_condition": "Record", "predefined_list": ""}}, {"model": "sat_toolkit.teststep", "pk": 227, "fields": {"name": "DHU || ADB安装用于am启动工程模式和系统设置的app", "description": "", "enabled": true, "cmd_type": "Python File", "command_detail": "dhu/adb/adb_dhu_install_amstart_apk.py", "pass_condition": "Record", "predefined_list": ""}}, {"model": "sat_toolkit.teststep", "pk": 228, "fields": {"name": "OBD || 利用OBD诊断在静止的状态下进行11 01的DOS攻击", "description": "", "enabled": true, "cmd_type": "Python File", "command_detail": "doip/check_doip_dos.py static 1101", "pass_condition": "Record", "predefined_list": ""}}, {"model": "sat_toolkit.teststep", "pk": 229, "fields": {"name": "OBD || 利用OBD诊断在静止的状态下进行10 02的DOS攻击", "description": "", "enabled": true, "cmd_type": "Python File", "command_detail": "doip/check_doip_dos.py static 1002", "pass_condition": "Record", "predefined_list": ""}}, {"model": "sat_toolkit.teststep", "pk": 230, "fields": {"name": "SAT || 请将车辆进行重新上下电", "description": "", "enabled": true, "cmd_type": "Python File", "command_detail": "user_confirm.py 请将车辆进行重新上下电", "pass_condition": "Record", "predefined_list": ""}}, {"model": "sat_toolkit.teststep", "pk": 231, "fields": {"name": "OBD || 利用OBD诊断在车速大于15码的状态下进行11 01的DOS攻击", "description": "", "enabled": true, "cmd_type": "Python File", "command_detail": "doip/check_doip_dos.py dynamic 1101", "pass_condition": "Record", "predefined_list": ""}}, {"model": "sat_toolkit.teststep", "pk": 232, "fields": {"name": "OBD || 利用OBD诊断在车速大于15码的状态下进行10 02的DOS攻击", "description": "", "enabled": true, "cmd_type": "Python File", "command_detail": "doip/check_doip_dos.py dynamic 1002", "pass_condition": "Record", "predefined_list": ""}}, {"model": "sat_toolkit.teststep", "pk": 233, "fields": {"name": "OBD || 对ECU零部件进行27服务的后门指令扫描", "description": "", "enabled": true, "cmd_type": "Python File", "command_detail": "doip/check_doip_hide_27cmd.py", "pass_condition": "Record", "predefined_list": ""}}, {"model": "sat_toolkit.teststep", "pk": 234, "fields": {"name": "OBD || 对ECU零部件进行27 01的pincode固定值扫描", "description": "", "enabled": true, "cmd_type": "Python File", "command_detail": "doip/check_doip_static27pincode.py 01", "pass_condition": "Record", "predefined_list": ""}}, {"model": "sat_toolkit.teststep", "pk": 235, "fields": {"name": "OBD || 对ECU零部件进行27 11的pincode固定值扫描", "description": "", "enabled": true, "cmd_type": "Python File", "command_detail": "doip/check_doip_static27pincode.py 11", "pass_condition": "Record", "predefined_list": ""}}, {"model": "sat_toolkit.teststep", "pk": 236, "fields": {"name": "OBD || 对ECU零部件进行27 19的pincode固定值扫描", "description": "", "enabled": true, "cmd_type": "Python File", "command_detail": "doip/check_doip_static27pincode.py 19", "pass_condition": "Record", "predefined_list": ""}}, {"model": "sat_toolkit.teststep", "pk": 237, "fields": {"name": "OBD || 车辆已连接OBD，关闭DHU调试模式", "description": "", "enabled": true, "cmd_type": "Python File", "command_detail": "doip/check_doip_connected_and_debug.py close dhu", "pass_condition": "Record", "predefined_list": ""}}, {"model": "sat_toolkit.teststep", "pk": 238, "fields": {"name": "Multi || 中间人检测，判断DHU是否有TCP(非TLS)不安全流量", "description": "", "enabled": true, "cmd_type": "Python File", "command_detail": "wifi_mitm_attack.py tcp dhu", "pass_condition": "Record", "predefined_list": ""}}, {"model": "sat_toolkit.teststep", "pk": 239, "fields": {"name": "Multi || 中间人检测，判断DHU是否有TLS(非HTTPS)未作单向校验流量", "description": "", "enabled": true, "cmd_type": "Python File", "command_detail": "wifi_mitm_attack.py tls dhu", "pass_condition": "Record", "predefined_list": ""}}, {"model": "sat_toolkit.teststep", "pk": 240, "fields": {"name": "DHU || 检查DHU是否存在USB ADB", "description": "", "enabled": true, "cmd_type": "Python File", "command_detail": "check_dhu_connected_and_adb_disabled.py false", "pass_condition": "Record", "predefined_list": ""}}, {"model": "sat_toolkit.teststep", "pk": 241, "fields": {"name": "SAT ||  清理路由表", "description": "", "enabled": true, "cmd_type": "Python File", "command_detail": "clear_route.py", "pass_condition": "Record", "predefined_list": ""}}, {"model": "sat_toolkit.teststep", "pk": 242, "fields": {"name": "TCAM || 打开TCAM的SSH", "description": "", "enabled": true, "cmd_type": "Python File", "command_detail": "tcam/adb/check_tcam_connected_and_ssh_enabled.py", "pass_condition": "Record", "predefined_list": ""}}, {"model": "sat_toolkit.teststep", "pk": 243, "fields": {"name": "TCAM || 关闭TCAM的SSH", "description": "", "enabled": true, "cmd_type": "Python File", "command_detail": "tcam/adb/check_tcam_connected_and_ssh_disabled.py", "pass_condition": "Record", "predefined_list": ""}}, {"model": "sat_toolkit.teststep", "pk": 244, "fields": {"name": "Multi || 清理中间人检测进程", "description": "", "enabled": true, "cmd_type": "Python File", "command_detail": "wifi_mitm_attack.py  stop  dhu", "pass_condition": "Record", "predefined_list": ""}}, {"model": "sat_toolkit.testcase", "pk": 108, "fields": {"name": "R155 17.1 || 检查是否存在测试、调试App", "description": "", "enabled": true, "init_step": null, "cleanup_step": null}}, {"model": "sat_toolkit.testcase", "pk": 109, "fields": {"name": "R155 28.1 || 检查android security patch日期", "description": "", "enabled": true, "init_step": null, "cleanup_step": null}}, {"model": "sat_toolkit.testcase", "pk": 110, "fields": {"name": "R155 28.1 || 检查webview版本", "description": "", "enabled": true, "init_step": null, "cleanup_step": null}}, {"model": "sat_toolkit.testcase", "pk": 111, "fields": {"name": "R155 16.x || WIFI SSID格式化字符串", "description": "", "enabled": true, "init_step": null, "cleanup_step": null}}, {"model": "sat_toolkit.testcase", "pk": 112, "fields": {"name": "R155 7.1 || TCAM WIFI加密模式检查", "description": "", "enabled": true, "init_step": null, "cleanup_step": null}}, {"model": "sat_toolkit.testcase", "pk": 113, "fields": {"name": "R155 11.3 || 对ECU零部件进行10服务的后门指令扫描 -- 不支持FAST", "description": "", "enabled": false, "init_step": null, "cleanup_step": null}}, {"model": "sat_toolkit.testcase", "pk": 114, "fields": {"name": "R155 8.1 || TCAM WIFI ICMP泛洪攻击", "description": "", "enabled": true, "init_step": null, "cleanup_step": null}}, {"model": "sat_toolkit.testcase", "pk": 115, "fields": {"name": "R155 11.3 || 利用OBD诊断在车速大于15码的状态下进行11 01的DOS攻击 -- 不支持FAST", "description": "", "enabled": false, "init_step": null, "cleanup_step": null}}, {"model": "sat_toolkit.testcase", "pk": 116, "fields": {"name": "R155 11.3 || 利用OBD诊断在车速大于15码的状态下进行10 02的DOS攻击 -- 不支持FAST", "description": "", "enabled": false, "init_step": null, "cleanup_step": null}}, {"model": "sat_toolkit.testcase", "pk": 120, "fields": {"name": "R155 11.3 || 对ECU零部件进行27服务的后门指令扫描 -- 不支持FAST", "description": "", "enabled": false, "init_step": null, "cleanup_step": null}}, {"model": "sat_toolkit.testcase", "pk": 121, "fields": {"name": "R155 11.3 || 对ECU零部件进行27 01的pincode固定值扫描", "description": "", "enabled": true, "init_step": null, "cleanup_step": null}}, {"model": "sat_toolkit.testcase", "pk": 124, "fields": {"name": "R155 11.3 || 对ECU零部件进行27 11的pincode固定值扫描", "description": "", "enabled": true, "init_step": null, "cleanup_step": null}}, {"model": "sat_toolkit.testcase", "pk": 125, "fields": {"name": "R155 11.3 || 对ECU零部件进行27 19的pincode固定值扫描", "description": "", "enabled": true, "init_step": null, "cleanup_step": null}}, {"model": "sat_toolkit.testcase", "pk": 127, "fields": {"name": "R155 8.1 || OBD CAN泛洪拒绝服务攻击 --- 暂时没有can，滞后", "description": "", "enabled": false, "init_step": null, "cleanup_step": null}}, {"model": "sat_toolkit.testcase", "pk": 128, "fields": {"name": "R155 8.1 || TCAM WIFI MAC泛洪", "description": "", "enabled": true, "init_step": null, "cleanup_step": null}}, {"model": "sat_toolkit.testcase", "pk": 129, "fields": {"name": "R155 8.1 || TCAM WIFI TCP SYN泛洪攻击", "description": "", "enabled": true, "init_step": null, "cleanup_step": null}}, {"model": "sat_toolkit.testcase", "pk": 130, "fields": {"name": "R155 8.1 || TCAM WIFI UDP泛洪攻击", "description": "", "enabled": true, "init_step": null, "cleanup_step": null}}, {"model": "sat_toolkit.testcase", "pk": 131, "fields": {"name": "R155 8.1 || DHU WIFI MAC泛洪", "description": "", "enabled": true, "init_step": null, "cleanup_step": null}}, {"model": "sat_toolkit.testcase", "pk": 132, "fields": {"name": "R155 8.1 || DHU WIFI ICMP泛洪攻击", "description": "", "enabled": true, "init_step": null, "cleanup_step": null}}, {"model": "sat_toolkit.testcase", "pk": 133, "fields": {"name": "R155 8.1 || DHU WIFI UDP泛洪攻击", "description": "", "enabled": true, "init_step": null, "cleanup_step": null}}, {"model": "sat_toolkit.testcase", "pk": 134, "fields": {"name": "R155 8.1 || DHU  WIFI TCP SYN泛洪攻击", "description": "", "enabled": true, "init_step": null, "cleanup_step": null}}, {"model": "sat_toolkit.testcase", "pk": 135, "fields": {"name": "R155 8.1 || OBD ETH MAC泛洪攻击", "description": "", "enabled": true, "init_step": null, "cleanup_step": null}}, {"model": "sat_toolkit.testcase", "pk": 136, "fields": {"name": "R155 8.1 || OBD ETH ICMP泛洪攻击", "description": "", "enabled": true, "init_step": null, "cleanup_step": null}}, {"model": "sat_toolkit.testcase", "pk": 137, "fields": {"name": "R155 8.1 || OBD ETH UDP泛洪攻击", "description": "", "enabled": true, "init_step": null, "cleanup_step": null}}, {"model": "sat_toolkit.testcase", "pk": 138, "fields": {"name": "R155 8.1 || OBD ETH TCP SYN泛洪攻击", "description": "", "enabled": true, "init_step": null, "cleanup_step": null}}, {"model": "sat_toolkit.testcase", "pk": 139, "fields": {"name": "R155 16.x || 蓝牙名称格式化字符串 -- 蓝牙滞后", "description": "", "enabled": false, "init_step": null, "cleanup_step": null}}, {"model": "sat_toolkit.testcase", "pk": 140, "fields": {"name": "R155 16.x || 短信格式化字符串 -- 不支持短信，滞后", "description": "", "enabled": false, "init_step": null, "cleanup_step": null}}, {"model": "sat_toolkit.testcase", "pk": 141, "fields": {"name": "R155 7.1 || 蓝牙配对模式检查 -- 蓝牙设备需优化，滞后", "description": "", "enabled": false, "init_step": null, "cleanup_step": null}}, {"model": "sat_toolkit.testcase", "pk": 142, "fields": {"name": "R155 5.x || WIFI检查DHU是否有HTTP明文协议可被中间人 -- 设备问题,滞后", "description": "", "enabled": false, "init_step": null, "cleanup_step": null}}, {"model": "sat_toolkit.testcase", "pk": 143, "fields": {"name": "R155 5.x || WIFI检查DHU是否有HTTPS可被中间人 -- 设备问题,滞后", "description": "", "enabled": false, "init_step": null, "cleanup_step": null}}, {"model": "sat_toolkit.testcase", "pk": 146, "fields": {"name": "R155 29.1 || TCAM WIFI AP模式下网络隔离测试（车内198等网段转发隔离）", "description": "", "enabled": true, "init_step": null, "cleanup_step": null}}, {"model": "sat_toolkit.testcase", "pk": 147, "fields": {"name": "R155 29.1 || TCAM WIFI AP模式下网络隔离测试（TCAM本身多网段隔离）", "description": "", "enabled": true, "init_step": null, "cleanup_step": null}}, {"model": "sat_toolkit.testcase", "pk": 148, "fields": {"name": "R155 29.1 || TCAM WIFI AP模式下网络隔离测试（公网APN车车互联隔离） -- 不支持FAST", "description": "", "enabled": false, "init_step": null, "cleanup_step": null}}, {"model": "sat_toolkit.testcase", "pk": 149, "fields": {"name": "R155 29.1 || TCAM WIFI STA模式下网络隔离测试（车内198等网段转发隔离）", "description": "", "enabled": true, "init_step": null, "cleanup_step": null}}, {"model": "sat_toolkit.testcase", "pk": 150, "fields": {"name": "R155 29.1 || TCAM WIFI STA模式下网络隔离测试（TCAM本身多网段隔离）", "description": "", "enabled": true, "init_step": null, "cleanup_step": null}}, {"model": "sat_toolkit.testcase", "pk": 151, "fields": {"name": "R155 29.1 || DHU WIFI AP模式下网络隔离测试（车内198等网段转发隔离）", "description": "", "enabled": true, "init_step": null, "cleanup_step": null}}, {"model": "sat_toolkit.testcase", "pk": 152, "fields": {"name": "R155 29.1 || DHU WIFI AP模式下网络隔离测试（DHU本身多网段隔离）", "description": "", "enabled": true, "init_step": null, "cleanup_step": null}}, {"model": "sat_toolkit.testcase", "pk": 153, "fields": {"name": "R155 29.1 || OBD网络隔离测试（车内198等网段转发隔离）", "description": "", "enabled": true, "init_step": null, "cleanup_step": null}}, {"model": "sat_toolkit.testcase", "pk": 154, "fields": {"name": "R155 29.1 || TCAM WIFI AP模式端口暴露测试（TCAM自身）", "description": "", "enabled": true, "init_step": null, "cleanup_step": null}}, {"model": "sat_toolkit.testcase", "pk": 155, "fields": {"name": "R155 29.1 || TCAM WIFI AP模式端口暴露测试（其他未隔离ECU）", "description": "", "enabled": true, "init_step": null, "cleanup_step": null}}, {"model": "sat_toolkit.testcase", "pk": 156, "fields": {"name": "R155 29.1 || TCAM WIFI STA模式端口暴露测试（TCAM自身）", "description": "", "enabled": true, "init_step": null, "cleanup_step": null}}, {"model": "sat_toolkit.testcase", "pk": 157, "fields": {"name": "R155 29.1 || TCAM WIFI STA模式端口暴露测试（其他未隔离ECU）", "description": "", "enabled": true, "init_step": null, "cleanup_step": null}}, {"model": "sat_toolkit.testcase", "pk": 158, "fields": {"name": "R155 29.1 || DHU WIFI AP模式端口暴露测试（DHU自身）", "description": "", "enabled": true, "init_step": null, "cleanup_step": null}}, {"model": "sat_toolkit.testcase", "pk": 159, "fields": {"name": "R155 29.1 || DHU WIFI AP模式端口暴露测试（其他未隔离ECU）", "description": "", "enabled": true, "init_step": null, "cleanup_step": null}}, {"model": "sat_toolkit.testcase", "pk": 160, "fields": {"name": "R155 29.1 || OBD端口暴漏测试（网关自身）", "description": "", "enabled": true, "init_step": null, "cleanup_step": null}}, {"model": "sat_toolkit.testcase", "pk": 161, "fields": {"name": "R155 29.1 || OBD端口暴漏测试（其他未隔离ECU）", "description": "", "enabled": true, "init_step": null, "cleanup_step": null}}, {"model": "sat_toolkit.testcase", "pk": 162, "fields": {"name": "R155 29.1 || TCAM APN私网云端是否暴漏内部服务 -- 不支持FAST", "description": "", "enabled": false, "init_step": 185, "cleanup_step": 184}}, {"model": "sat_toolkit.testcase", "pk": 163, "fields": {"name": "R155 29.1 || TCAM APN私网车车互联隔离 -- 不支持FAST", "description": "", "enabled": false, "init_step": 185, "cleanup_step": 184}}, {"model": "sat_toolkit.testcase", "pk": 165, "fields": {"name": "R155 29.1 || 通过在TCAM扫描车内以太网是否存在调试类端口", "description": "", "enabled": true, "init_step": 185, "cleanup_step": 184}}, {"model": "sat_toolkit.testcase", "pk": 167, "fields": {"name": "R155 29.1 || 通过在DHU扫描车内以太网是否存在调试类端口", "description": "", "enabled": true, "init_step": 175, "cleanup_step": null}}, {"model": "sat_toolkit.testcase", "pk": 168, "fields": {"name": "R155 23.1 || 检查dhu是否有未鉴权USB调试接口", "description": "", "enabled": true, "init_step": null, "cleanup_step": null}}, {"model": "sat_toolkit.testcase", "pk": 170, "fields": {"name": "R155 23.1 || 检查车内是否有未鉴权以太网调试接口 -- 滞后", "description": "", "enabled": false, "init_step": null, "cleanup_step": null}}, {"model": "sat_toolkit.testcase", "pk": 171, "fields": {"name": "R155 22.2 || 检查是否有app安装校验", "description": "", "enabled": true, "init_step": null, "cleanup_step": null}}, {"model": "sat_toolkit.testcase", "pk": 172, "fields": {"name": "R155 18.1 || 检查车机usb支持哪些设备--需要模拟usb设备，滞后", "description": "", "enabled": false, "init_step": null, "cleanup_step": null}}, {"model": "sat_toolkit.testcase", "pk": 173, "fields": {"name": "R155 18.1 || 检查tcam usb adb pull/push是否未鉴权", "description": "", "enabled": true, "init_step": 185, "cleanup_step": 184}}, {"model": "sat_toolkit.testcase", "pk": 174, "fields": {"name": "R155 10.1 || 检查U盘是否能够执行病毒---无法自动化,滞后", "description": "", "enabled": false, "init_step": null, "cleanup_step": null}}, {"model": "sat_toolkit.testcase", "pk": 175, "fields": {"name": "R155 9.1 || 检查DHU是否有任意可写的文件", "description": "", "enabled": true, "init_step": null, "cleanup_step": null}}, {"model": "sat_toolkit.testcase", "pk": 176, "fields": {"name": "R155 9.1 || 检查DHU是否有任意可写的文件夹", "description": "", "enabled": true, "init_step": null, "cleanup_step": null}}, {"model": "sat_toolkit.testcase", "pk": 177, "fields": {"name": "R155 9.1 || 检查DHU是否有Suid程序", "description": "", "enabled": true, "init_step": null, "cleanup_step": null}}, {"model": "sat_toolkit.testcase", "pk": 178, "fields": {"name": "R155 9.1 || 检查DHU是否有未鉴权的Adb Root", "description": "", "enabled": true, "init_step": null, "cleanup_step": null}}, {"model": "sat_toolkit.testcase", "pk": 179, "fields": {"name": "R155 9.1 || 检查DHU工程模式和系统设置能否被am启动", "description": "", "enabled": true, "init_step": null, "cleanup_step": null}}, {"model": "sat_toolkit.testcase", "pk": 180, "fields": {"name": "R155 9.1 || 检查DHU是否开启了selinux", "description": "", "enabled": true, "init_step": null, "cleanup_step": null}}, {"model": "sat_toolkit.testcase", "pk": 181, "fields": {"name": "R155 7.2 || 检查DHU APP数据是否有访问控制", "description": "", "enabled": true, "init_step": null, "cleanup_step": null}}, {"model": "sat_toolkit.testcase", "pk": 182, "fields": {"name": "R155 7.2 || 检查DHU日志是否有访问控制", "description": "", "enabled": true, "init_step": null, "cleanup_step": null}}, {"model": "sat_toolkit.testcase", "pk": 183, "fields": {"name": "R155 7.2 || 检查DHU配置文件是否有访问控制", "description": "", "enabled": true, "init_step": null, "cleanup_step": null}}, {"model": "sat_toolkit.testcase", "pk": 184, "fields": {"name": "R155 9.1 || 检查DHU是否有未鉴权SU提权", "description": "", "enabled": true, "init_step": null, "cleanup_step": null}}, {"model": "sat_toolkit.testcase", "pk": 185, "fields": {"name": "R155 29.1 || 通过TCAM SS检查TCAM端口", "description": "", "enabled": true, "init_step": null, "cleanup_step": null}}, {"model": "sat_toolkit.testcase", "pk": 186, "fields": {"name": "R155 29.1 || 通过DHU ANDROID SS检查DHU端口", "description": "", "enabled": true, "init_step": null, "cleanup_step": null}}, {"model": "sat_toolkit.testcase", "pk": 188, "fields": {"name": "R155 7.1 || DHU WIFI加密模式检查", "description": "", "enabled": true, "init_step": null, "cleanup_step": null}}, {"model": "sat_toolkit.testcase", "pk": 191, "fields": {"name": "R155 5.x || WIFI检查DHU是否有TLS(非HTTPS)可被中间人 -- 设备问题,滞后", "description": "", "enabled": false, "init_step": null, "cleanup_step": null}}, {"model": "sat_toolkit.testcase", "pk": 192, "fields": {"name": "R155 5.x || WIFI检查DHU是否有TCP(非TLS)可被中间人 -- 设备问题,滞后", "description": "", "enabled": false, "init_step": null, "cleanup_step": null}}, {"model": "sat_toolkit.testcase", "pk": 193, "fields": {"name": "R155 29.1 || OBD网络隔离测试（网关自身多网段）", "description": "", "enabled": true, "init_step": null, "cleanup_step": null}}, {"model": "sat_toolkit.testcase", "pk": 194, "fields": {"name": "R155 23.1 || 检查tcam是否有未鉴权USB调试接口", "description": "", "enabled": true, "init_step": null, "cleanup_step": null}}, {"model": "sat_toolkit.testgroup", "pk": 14, "fields": {"name": "TCAM || WIFI || R155实验室全面测试 || 用例多合一", "description": "", "enabled": false, "test_cases": []}}, {"model": "sat_toolkit.testgroup", "pk": 15, "fields": {"name": "TCAM ||  USB || R155实验室全面测试 || 用例多合一", "description": "", "enabled": false, "test_cases": []}}, {"model": "sat_toolkit.testgroup", "pk": 16, "fields": {"name": "DHU || USB || R155实验室全面测试 || 用例多合一", "description": "", "enabled": false, "test_cases": []}}, {"model": "sat_toolkit.testgroup", "pk": 17, "fields": {"name": "R155 17.1 || 托管第 3 方软件，例如娱乐应用程序，用作攻击车辆系统的手段（17.1）", "description": "", "enabled": true, "test_cases": [108]}}, {"model": "sat_toolkit.testgroup", "pk": 18, "fields": {"name": "R155 28.1 || 软件错误。软件错误的存在可能是潜在可利用漏洞的基础。如果没有对软件进行测试以验证不存在已知的错误代码/错误并降低出现未知错误代码 错误的风险，则尤其如此（28.1）", "description": "", "enabled": true, "test_cases": [109, 110]}}, {"model": "sat_toolkit.testgroup", "pk": 19, "fields": {"name": "R155 16.x || 操纵车辆功能的连接性会导致网络攻击，这可能包括远程信息处理；允许远程操作的系统；和使用短距离无线通信的系统", "description": "", "enabled": true, "test_cases": [111, 139, 140]}}, {"model": "sat_toolkit.testgroup", "pk": 21, "fields": {"name": "R155 7.1 || 拦截信息/干扰辐射/监控通讯", "description": "", "enabled": true, "test_cases": [112, 141]}}, {"model": "sat_toolkit.testgroup", "pk": 22, "fields": {"name": "R155 11.3 || 恶意诊断消息", "description": "", "enabled": true, "test_cases": [113, 115, 116, 120, 121, 124, 125]}}, {"model": "sat_toolkit.testgroup", "pk": 23, "fields": {"name": "R155 8.1 || 向车辆信息系统发送大量垃圾数据，使其无法正常提供服务", "description": "", "enabled": true, "test_cases": [114, 127, 128, 129, 130, 131, 132, 133, 134, 135, 136, 137, 138]}}, {"model": "sat_toolkit.testgroup", "pk": 24, "fields": {"name": "R155 5.x || 用于对车辆持有的代码/数据进行未经授权的操作、删除或其他修改的通信渠道", "description": "", "enabled": true, "test_cases": [142, 143]}}, {"model": "sat_toolkit.testgroup", "pk": 25, "fields": {"name": "R155 29.1 || 多余的互联网端口保持开放，提供对网络系统的访问", "description": "", "enabled": true, "test_cases": [146, 147, 148, 149, 150, 151, 152, 153, 154, 155, 156, 157, 158, 159, 160, 161, 162, 163, 165, 167]}}, {"model": "sat_toolkit.testgroup", "pk": 26, "fields": {"name": "R155 23.1 || 引入新软件或覆盖现有软件", "description": "", "enabled": true, "test_cases": [168]}}, {"model": "sat_toolkit.testgroup", "pk": 27, "fields": {"name": "R155 22.2 || 引入恶意软件或恶意软件活动", "description": "", "enabled": true, "test_cases": [171]}}, {"model": "sat_toolkit.testgroup", "pk": 28, "fields": {"name": "R155 18.1 || 外部接口，例如 USB 或用作攻击点的其他端口，例如通过代码注入", "description": "", "enabled": true, "test_cases": [172]}}, {"model": "sat_toolkit.testgroup", "pk": 29, "fields": {"name": "R155 10.1 || 嵌入通信媒体的病毒能够感染车辆系统", "description": "", "enabled": true, "test_cases": [174]}}, {"model": "sat_toolkit.testgroup", "pk": 30, "fields": {"name": "R155 9.1 || 非特权用户能够获得对车辆系统的特权访问", "description": "", "enabled": true, "test_cases": [175, 176, 177, 178, 179, 180]}}, {"model": "sat_toolkit.testgroup", "pk": 31, "fields": {"name": "R155 7.2 || 未经授权访问文件或数据", "description": "", "enabled": true, "test_cases": [181, 182, 183]}}, {"model": "sat_toolkit.teststands", "pk": 7, "fields": {"name": "R155实验室全面测试", "description": "参照155附录，相似测试项多合一，加快测试速度", "enabled": false, "test_groups": [14, 15, 16]}}, {"model": "sat_toolkit.teststands", "pk": 8, "fields": {"name": "R155标准测试", "description": "参照155附录，测试项互相独立", "enabled": true, "test_groups": [17, 18, 19, 21, 22, 23, 24, 25, 26, 27, 28, 29, 30, 31]}}, {"model": "sat_toolkit.vehiclepin", "pk": 2, "fields": {"VIN": "L6T79ANE6PP000778", "DHU_PIN": "FFFFFFFFFF", "TCAM_PIN": "FFFFFFFFFF", "DESC": "屏蔽室车衣极氪001_FR"}}, {"model": "sat_toolkit.vehiclepin", "pk": 3, "fields": {"VIN": "L6T77P2N6PF000010", "DHU_PIN": "FFFFFFFFFF", "TCAM_PIN": "7DB0B3EECD", "DESC": "轮毂下内饰为绿色的极氪X"}}, {"model": "sat_toolkit.vehiclepin", "pk": 4, "fields": {"VIN": "L6T79P2N5NP004566", "DHU_PIN": "20A5F199C3", "TCAM_PIN": "A6F9441F9B", "DESC": "白色BX-CN"}}, {"model": "sat_toolkit.vehiclepin", "pk": 5, "fields": {"VIN": "L6T79NEE3PN000062", "DHU_PIN": "FFFFFFFFFF", "TCAM_PIN": "2C7561D2E8", "DESC": "展厅车衣007"}}, {"model": "sat_toolkit.vehiclepin", "pk": 6, "fields": {"VIN": "L6T79P2N1PP000405", "DHU_PIN": "FA7CB464E7", "TCAM_PIN": "FFFFFFFFFF", "DESC": "灰色001"}}, {"model": "sat_toolkit.vehiclepin", "pk": 7, "fields": {"VIN": "L6TBX293XPF588010", "DHU_PIN": "FFFFFFFFFF", "TCAM_PIN": "5555555555", "DESC": ""}}, {"model": "sat_toolkit.vehiclepin", "pk": 8, "fields": {"VIN": "L6T79T2E9NP000139", "DHU_PIN": "", "TCAM_PIN": "", "DESC": ""}}, {"model": "sat_toolkit.vehiclepin", "pk": 10, "fields": {"VIN": "L6T79T2E5MP002257", "DHU_PIN": "3213221994", "TCAM_PIN": "96992688C0", "DESC": ""}}, {"model": "sat_toolkit.vehiclepin", "pk": 11, "fields": {"VIN": "L6TDC2015PP000981", "DHU_PIN": "FFFFFFFFFF", "TCAM_PIN": "1C4E6665F1", "DESC": "屏蔽室白色001"}}, {"model": "sat_toolkit.vehiclepin", "pk": 12, "fields": {"VIN": "L6TDC2S26NP002466", "DHU_PIN": "FFFFFFFFFF", "TCAM_PIN": "FFFFFFFFFF", "DESC": "屏蔽室粉色极氪X"}}, {"model": "sat_toolkit.vehiclepin", "pk": 13, "fields": {"VIN": "L6T77P2NXPF000124", "DHU_PIN": "B967A43EC4", "TCAM_PIN": "B488C7DD31", "DESC": ""}}, {"model": "sat_toolkit.vehiclepin", "pk": 14, "fields": {"VIN": "LYVERFBE4RA001309", "DHU_PIN": "ADF856AB70", "TCAM_PIN": "1D5347170A", "DESC": "轮毂下沃尔沃"}}, {"model": "sat_toolkit.vehiclepin", "pk": 15, "fields": {"VIN": "L6T79T2E6NP000292", "DHU_PIN": "793E42096E", "TCAM_PIN": "3029854335", "DESC": "轮毂右边极氪009"}}, {"model": "sat_toolkit.vehiclepin", "pk": 16, "fields": {"VIN": "L6T77HCE2PF073492", "DHU_PIN": "E7FC433366", "TCAM_PIN": "D977D6E42F", "DESC": ""}}, {"model": "sat_toolkit.vehiclepin", "pk": 17, "fields": {"VIN": "L6T78MCNXPU000081", "DHU_PIN": "FFFFFFFFFF", "TCAM_PIN": "05851130AB", "DESC": ""}}, {"model": "sat_toolkit.vehiclepin", "pk": 18, "fields": {"VIN": "L6TDC2027PP004233", "DHU_PIN": "5DCC6011FD", "TCAM_PIN": "2EC9982751", "DESC": "展厅白色的001"}}, {"model": "sat_toolkit.vehiclepin", "pk": 19, "fields": {"VIN": "L6TBX2030PF500047", "DHU_PIN": "99ECAA2263", "TCAM_PIN": "4453F1D81B", "DESC": "展厅灰色极氪X"}}, {"model": "sat_toolkit.vehiclepin", "pk": 20, "fields": {"VIN": "L6T79NEE5PN020300", "DHU_PIN": "E599E876AB", "TCAM_PIN": "6B24DCD394", "DESC": ""}}, {"model": "sat_toolkit.vehiclepin", "pk": 21, "fields": {"VIN": "L6T79NEE6PN020306", "DHU_PIN": "BCD595EBA3", "TCAM_PIN": "49E2D15184", "DESC": ""}}, {"model": "sat_toolkit.vehiclepin", "pk": 22, "fields": {"VIN": "L6T79NEE4PN020286", "DHU_PIN": "4782FD2873", "TCAM_PIN": "26D2FF394D", "DESC": ""}}, {"model": "sat_toolkit.vehiclemodel", "pk": 1, "fields": {"Name": "DC1E-A2", "Description": "极氪001 FR的内部编号", "Pass_Condition": null, "TCAM_AP_IP": "", "TCAM_SSH_USER": "", "TCAM_SSH_PASSWD": "", "INTERNAL_IP_DICT": "", "TCAM_ADB_PULL_FILE": "", "TCAM_ADB_PUSH_FILE": "", "TCAM_ADB_SHELL_PASSWD": "", "DHU_USB_VendorID": "", "DHU_USB_ProductID": "", "TCAM_USB_VendorID": "", "TCAM_USB_ProductID": "", "Attributes": ""}}, {"model": "sat_toolkit.vehiclemodel", "pk": 2, "fields": {"Name": "BX1E", "Description": "极氪X的内部编号", "Pass_Condition": null, "TCAM_AP_IP": "192.168.225.1", "TCAM_SSH_USER": "root", "TCAM_SSH_PASSWD": "cxzdsaEWQ32!", "INTERNAL_IP_DICT": "{\"198.18.32.17\":\"TCAM内部IP\", \"198.18.36.1\":\"ADCU的IP地址\"}", "TCAM_ADB_PULL_FILE": "/oemapp/neu_telematics_version", "TCAM_ADB_PUSH_FILE": "/sdcard/adb_push_check.txt", "TCAM_ADB_SHELL_PASSWD": "cde3xsw2ZAQ!", "DHU_USB_VendorID": "", "DHU_USB_ProductID": "", "TCAM_USB_VendorID": "", "TCAM_USB_ProductID": "", "Attributes": ""}}, {"model": "sat_toolkit.vehiclemodel", "pk": 3, "fields": {"Name": "cs1e", "Description": "极氪007的内部编号", "Pass_Condition": null, "TCAM_AP_IP": "", "TCAM_SSH_USER": "root", "TCAM_SSH_PASSWD": "SGs*15zn;", "INTERNAL_IP_DICT": "", "TCAM_ADB_PULL_FILE": "/oemapp/neu_telematics_version", "TCAM_ADB_PUSH_FILE": "/sdcard/adb_push_check.txt", "TCAM_ADB_SHELL_PASSWD": "", "DHU_USB_VendorID": "05c6", "DHU_USB_ProductID": "901d", "TCAM_USB_VendorID": "0e8d", "TCAM_USB_ProductID": "202f", "Attributes": ""}}, {"model": "sat_toolkit.vehiclemodel", "pk": 4, "fields": {"Name": "DC1E", "Description": "001", "Pass_Condition": null, "TCAM_AP_IP": "", "TCAM_SSH_USER": "root", "TCAM_SSH_PASSWD": "cxzdsaEWQ32!", "INTERNAL_IP_DICT": "", "TCAM_ADB_PULL_FILE": "", "TCAM_ADB_PUSH_FILE": "", "TCAM_ADB_SHELL_PASSWD": "", "DHU_USB_VendorID": "18D1", "DHU_USB_ProductID": "4EE7", "TCAM_USB_VendorID": "", "TCAM_USB_ProductID": "", "Attributes": ""}}, {"model": "sat_toolkit.vehiclemodel", "pk": 5, "fields": {"Name": "EF1E", "Description": "极氪009的内部编号", "Pass_Condition": null, "TCAM_AP_IP": "", "TCAM_SSH_USER": "", "TCAM_SSH_PASSWD": "", "INTERNAL_IP_DICT": "", "TCAM_ADB_PULL_FILE": "", "TCAM_ADB_PUSH_FILE": "", "TCAM_ADB_SHELL_PASSWD": "", "DHU_USB_VendorID": "18d1", "DHU_USB_ProductID": "4ee7", "TCAM_USB_VendorID": "2cb7", "TCAM_USB_ProductID": "00c1", "Attributes": ""}}, {"model": "sat_toolkit.vehiclemodel", "pk": 6, "fields": {"Name": "DC1E-CN", "Description": "极氪001国内版的内部编号", "Pass_Condition": null, "TCAM_AP_IP": "", "TCAM_SSH_USER": "", "TCAM_SSH_PASSWD": "", "INTERNAL_IP_DICT": "", "TCAM_ADB_PULL_FILE": "", "TCAM_ADB_PUSH_FILE": "", "TCAM_ADB_SHELL_PASSWD": "", "DHU_USB_VendorID": "", "DHU_USB_ProductID": "", "TCAM_USB_VendorID": "", "TCAM_USB_ProductID": "", "Attributes": ""}}, {"model": "sat_toolkit.vehiclemodel", "pk": 7, "fields": {"Name": "V51DK", "Description": "沃尔沃内部编号", "Pass_Condition": null, "TCAM_AP_IP": "", "TCAM_SSH_USER": "", "TCAM_SSH_PASSWD": "", "INTERNAL_IP_DICT": "", "TCAM_ADB_PULL_FILE": "", "TCAM_ADB_PUSH_FILE": "", "TCAM_ADB_SHELL_PASSWD": "", "DHU_USB_VendorID": "", "DHU_USB_ProductID": "", "TCAM_USB_VendorID": "", "TCAM_USB_ProductID": "", "Attributes": ""}}, {"model": "sat_toolkit.vehicleinfo", "pk": 16, "fields": {"Description": "屏蔽室车衣极氪001_FR", "enabled": false, "Vehicle_Pin": 2, "TCAM_WIFI_SSID": "ZEEKR-7598", "TCAM_WIFI_BSSID": "", "TCAM_WIFI_PASSWD": "12345678", "DHU_WIFI_SSID": "ZEEKR-7598_TV", "DHU_WIFI_BSSID": "", "DHU_WIFI_PASSWD": "12345678", "TCAM_BLE_NAME": "ZEEKR-7598", "TCAM_BLE_MAC": "", "DHU_ADB_SERIAL_ID": "8AQX0XCN2", "DHU_ADB_NAME": "", "TCAM_ADB_SERIAL_ID": "", "TCAM_ADB_NAME": "", "vehicle_model": 1, "Attributes": ""}}, {"model": "sat_toolkit.vehicleinfo", "pk": 17, "fields": {"Description": "轮毂下内饰为绿色的极氪X", "enabled": true, "Vehicle_Pin": 3, "TCAM_WIFI_SSID": "bx1e", "TCAM_WIFI_BSSID": "", "TCAM_WIFI_PASSWD": "12345678", "DHU_WIFI_SSID": "bx1e_TV", "DHU_WIFI_BSSID": "", "DHU_WIFI_PASSWD": "12345678", "TCAM_BLE_NAME": "", "TCAM_BLE_MAC": "", "DHU_ADB_SERIAL_ID": "c4f165f7", "DHU_ADB_NAME": "", "TCAM_ADB_SERIAL_ID": "d5d78502", "TCAM_ADB_NAME": "", "vehicle_model": 2, "Attributes": "TCAM_WIFI_STA_MAC=c4:cb:54:07:12:29"}}, {"model": "sat_toolkit.vehicleinfo", "pk": 18, "fields": {"Description": "某白色极氪X", "enabled": false, "Vehicle_Pin": 4, "TCAM_WIFI_SSID": "", "TCAM_WIFI_BSSID": "", "TCAM_WIFI_PASSWD": "", "DHU_WIFI_SSID": "", "DHU_WIFI_BSSID": "", "DHU_WIFI_PASSWD": "", "TCAM_BLE_NAME": "", "TCAM_BLE_MAC": "", "DHU_ADB_SERIAL_ID": "", "DHU_ADB_NAME": "", "TCAM_ADB_SERIAL_ID": "", "TCAM_ADB_NAME": "", "vehicle_model": 2, "Attributes": ""}}, {"model": "sat_toolkit.vehicleinfo", "pk": 19, "fields": {"Description": "展厅车衣007", "enabled": true, "Vehicle_Pin": 5, "TCAM_WIFI_SSID": "ZEEKR-6948", "TCAM_WIFI_BSSID": "", "TCAM_WIFI_PASSWD": "12345678", "DHU_WIFI_SSID": "ZEEKR-6948_TV", "DHU_WIFI_BSSID": "", "DHU_WIFI_PASSWD": "12345678", "TCAM_BLE_NAME": "", "TCAM_BLE_MAC": "", "DHU_ADB_SERIAL_ID": "", "DHU_ADB_NAME": "", "TCAM_ADB_SERIAL_ID": "", "TCAM_ADB_NAME": "", "vehicle_model": 3, "Attributes": ""}}, {"model": "sat_toolkit.vehicleinfo", "pk": 20, "fields": {"Description": "001灰色", "enabled": false, "Vehicle_Pin": 6, "TCAM_WIFI_SSID": "Zeekr-3774", "TCAM_WIFI_BSSID": "", "TCAM_WIFI_PASSWD": "12345678", "DHU_WIFI_SSID": "", "DHU_WIFI_BSSID": "", "DHU_WIFI_PASSWD": "", "TCAM_BLE_NAME": "", "TCAM_BLE_MAC": "", "DHU_ADB_SERIAL_ID": "", "DHU_ADB_NAME": "", "TCAM_ADB_SERIAL_ID": "", "TCAM_ADB_NAME": "", "vehicle_model": 4, "Attributes": ""}}, {"model": "sat_toolkit.vehicleinfo", "pk": 21, "fields": {"Description": "展厅白色001", "enabled": true, "Vehicle_Pin": 18, "TCAM_WIFI_SSID": "DC1E-CA", "TCAM_WIFI_BSSID": "", "TCAM_WIFI_PASSWD": "12345678", "DHU_WIFI_SSID": "AndroidAP_3104", "DHU_WIFI_BSSID": "", "DHU_WIFI_PASSWD": "EUMS9S1Q", "TCAM_BLE_NAME": "", "TCAM_BLE_MAC": "", "DHU_ADB_SERIAL_ID": "", "DHU_ADB_NAME": "", "TCAM_ADB_SERIAL_ID": "", "TCAM_ADB_NAME": "", "vehicle_model": 4, "Attributes": ""}}, {"model": "sat_toolkit.vehicleinfo", "pk": 22, "fields": {"Description": "展厅灰色极氪X", "enabled": true, "Vehicle_Pin": 19, "TCAM_WIFI_SSID": "ZEEKR-0725", "TCAM_WIFI_BSSID": "", "TCAM_WIFI_PASSWD": "12345678", "DHU_WIFI_SSID": "AndroidAP_3377", "DHU_WIFI_BSSID": "", "DHU_WIFI_PASSWD": "CCPY888X", "TCAM_BLE_NAME": "", "TCAM_BLE_MAC": "", "DHU_ADB_SERIAL_ID": "", "DHU_ADB_NAME": "", "TCAM_ADB_SERIAL_ID": "", "TCAM_ADB_NAME": "", "vehicle_model": 2, "Attributes": ""}}, {"model": "sat_toolkit.vehicleinfo", "pk": 23, "fields": {"Description": "轮毂右边极氪009", "enabled": true, "Vehicle_Pin": 15, "TCAM_WIFI_SSID": "Zeekr-0623", "TCAM_WIFI_BSSID": "", "TCAM_WIFI_PASSWD": "12345678", "DHU_WIFI_SSID": "AndroidAP_4180", "DHU_WIFI_BSSID": "", "DHU_WIFI_PASSWD": "12345678", "TCAM_BLE_NAME": "", "TCAM_BLE_MAC": "", "DHU_ADB_SERIAL_ID": "dfe218ef", "DHU_ADB_NAME": "", "TCAM_ADB_SERIAL_ID": "", "TCAM_ADB_NAME": "", "vehicle_model": 5, "Attributes": ""}}, {"model": "sat_toolkit.vehicleinfo", "pk": 24, "fields": {"Description": "轮毂右前方的黑色001", "enabled": true, "Vehicle_Pin": null, "TCAM_WIFI_SSID": "", "TCAM_WIFI_BSSID": "", "TCAM_WIFI_PASSWD": "", "DHU_WIFI_SSID": "", "DHU_WIFI_BSSID": "", "DHU_WIFI_PASSWD": "", "TCAM_BLE_NAME": "", "TCAM_BLE_MAC": "", "DHU_ADB_SERIAL_ID": "", "DHU_ADB_NAME": "", "TCAM_ADB_SERIAL_ID": "", "TCAM_ADB_NAME": "", "vehicle_model": 6, "Attributes": ""}}, {"model": "sat_toolkit.vehicleinfo", "pk": 26, "fields": {"Description": "轮毂下沃尔沃", "enabled": false, "Vehicle_Pin": 14, "TCAM_WIFI_SSID": "", "TCAM_WIFI_BSSID": "", "TCAM_WIFI_PASSWD": "", "DHU_WIFI_SSID": "", "DHU_WIFI_BSSID": "", "DHU_WIFI_PASSWD": "", "TCAM_BLE_NAME": "", "TCAM_BLE_MAC": "", "DHU_ADB_SERIAL_ID": "", "DHU_ADB_NAME": "", "TCAM_ADB_SERIAL_ID": "", "TCAM_ADB_NAME": "", "vehicle_model": 7, "Attributes": ""}}, {"model": "sat_toolkit.vehicleinfo", "pk": 27, "fields": {"Description": "屏蔽室粉色极氪X", "enabled": false, "Vehicle_Pin": 12, "TCAM_WIFI_SSID": "", "TCAM_WIFI_BSSID": "", "TCAM_WIFI_PASSWD": "", "DHU_WIFI_SSID": "", "DHU_WIFI_BSSID": "", "DHU_WIFI_PASSWD": "", "TCAM_BLE_NAME": "", "TCAM_BLE_MAC": "", "DHU_ADB_SERIAL_ID": "", "DHU_ADB_NAME": "", "TCAM_ADB_SERIAL_ID": "", "TCAM_ADB_NAME": "", "vehicle_model": 2, "Attributes": ""}}, {"model": "sat_toolkit.vehicleinfo", "pk": 28, "fields": {"Description": "屏蔽室白色001", "enabled": false, "Vehicle_Pin": 11, "TCAM_WIFI_SSID": "", "TCAM_WIFI_BSSID": "", "TCAM_WIFI_PASSWD": "", "DHU_WIFI_SSID": "", "DHU_WIFI_BSSID": "", "DHU_WIFI_PASSWD": "", "TCAM_BLE_NAME": "", "TCAM_BLE_MAC": "", "DHU_ADB_SERIAL_ID": "", "DHU_ADB_NAME": "", "TCAM_ADB_SERIAL_ID": "", "TCAM_ADB_NAME": "", "vehicle_model": 4, "Attributes": ""}}]