[{"model": "sat_toolkit.teststepsequence", "pk": 90, "fields": {"testcase": 32, "teststep": 94, "sequence": 10, "ignore_fail": true}}, {"model": "sat_toolkit.teststepsequence", "pk": 91, "fields": {"testcase": 33, "teststep": 152, "sequence": 1, "ignore_fail": true}}, {"model": "sat_toolkit.teststepsequence", "pk": 92, "fields": {"testcase": 33, "teststep": 94, "sequence": 10, "ignore_fail": true}}, {"model": "sat_toolkit.teststepsequence", "pk": 272, "fields": {"testcase": 101, "teststep": 82, "sequence": 1, "ignore_fail": true}}, {"model": "sat_toolkit.teststepsequence", "pk": 273, "fields": {"testcase": 101, "teststep": 84, "sequence": 10, "ignore_fail": true}}, {"model": "sat_toolkit.teststepsequence", "pk": 274, "fields": {"testcase": 101, "teststep": 85, "sequence": 11, "ignore_fail": true}}, {"model": "sat_toolkit.teststepsequence", "pk": 275, "fields": {"testcase": 101, "teststep": 86, "sequence": 12, "ignore_fail": true}}, {"model": "sat_toolkit.teststepsequence", "pk": 276, "fields": {"testcase": 101, "teststep": 89, "sequence": 21, "ignore_fail": true}}, {"model": "sat_toolkit.teststepsequence", "pk": 277, "fields": {"testcase": 101, "teststep": 91, "sequence": 22, "ignore_fail": true}}, {"model": "sat_toolkit.teststepsequence", "pk": 278, "fields": {"testcase": 101, "teststep": 142, "sequence": 32, "ignore_fail": true}}, {"model": "sat_toolkit.teststepsequence", "pk": 279, "fields": {"testcase": 101, "teststep": 87, "sequence": 13, "ignore_fail": true}}, {"model": "sat_toolkit.teststepsequence", "pk": 280, "fields": {"testcase": 101, "teststep": 149, "sequence": 14, "ignore_fail": true}}, {"model": "sat_toolkit.teststepsequence", "pk": 281, "fields": {"testcase": 101, "teststep": 143, "sequence": 31, "ignore_fail": true}}, {"model": "sat_toolkit.teststepsequence", "pk": 282, "fields": {"testcase": 101, "teststep": 144, "sequence": 15, "ignore_fail": true}}, {"model": "sat_toolkit.teststepsequence", "pk": 283, "fields": {"testcase": 102, "teststep": 92, "sequence": 1, "ignore_fail": true}}, {"model": "sat_toolkit.teststepsequence", "pk": 284, "fields": {"testcase": 102, "teststep": 93, "sequence": 10, "ignore_fail": true}}, {"model": "sat_toolkit.teststepsequence", "pk": 285, "fields": {"testcase": 32, "teststep": 150, "sequence": 20, "ignore_fail": true}}, {"model": "sat_toolkit.teststepsequence", "pk": 286, "fields": {"testcase": 32, "teststep": 151, "sequence": 30, "ignore_fail": true}}, {"model": "sat_toolkit.teststepsequence", "pk": 287, "fields": {"testcase": 32, "teststep": 152, "sequence": 1, "ignore_fail": true}}, {"model": "sat_toolkit.teststepsequence", "pk": 288, "fields": {"testcase": 32, "teststep": 153, "sequence": 11, "ignore_fail": true}}, {"model": "sat_toolkit.teststepsequence", "pk": 289, "fields": {"testcase": 32, "teststep": 154, "sequence": 21, "ignore_fail": true}}, {"model": "sat_toolkit.teststepsequence", "pk": 290, "fields": {"testcase": 32, "teststep": 155, "sequence": 31, "ignore_fail": true}}, {"model": "sat_toolkit.teststepsequence", "pk": 291, "fields": {"testcase": 33, "teststep": 156, "sequence": 20, "ignore_fail": true}}, {"model": "sat_toolkit.teststepsequence", "pk": 292, "fields": {"testcase": 101, "teststep": 95, "sequence": 33, "ignore_fail": true}}, {"model": "sat_toolkit.teststepsequence", "pk": 293, "fields": {"testcase": 34, "teststep": 157, "sequence": 1, "ignore_fail": true}}, {"model": "sat_toolkit.teststepsequence", "pk": 294, "fields": {"testcase": 34, "teststep": 159, "sequence": 2, "ignore_fail": true}}, {"model": "sat_toolkit.teststepsequence", "pk": 295, "fields": {"testcase": 34, "teststep": 158, "sequence": 10, "ignore_fail": true}}, {"model": "sat_toolkit.teststepsequence", "pk": 298, "fields": {"testcase": 104, "teststep": 162, "sequence": 1, "ignore_fail": true}}, {"model": "sat_toolkit.teststepsequence", "pk": 299, "fields": {"testcase": 104, "teststep": 164, "sequence": 10, "ignore_fail": true}}, {"model": "sat_toolkit.teststepsequence", "pk": 300, "fields": {"testcase": 104, "teststep": 161, "sequence": 50, "ignore_fail": true}}, {"model": "sat_toolkit.teststepsequence", "pk": 301, "fields": {"testcase": 104, "teststep": 163, "sequence": 60, "ignore_fail": true}}, {"model": "sat_toolkit.teststepsequence", "pk": 302, "fields": {"testcase": 103, "teststep": 165, "sequence": 1, "ignore_fail": true}}, {"model": "sat_toolkit.teststepsequence", "pk": 304, "fields": {"testcase": 103, "teststep": 167, "sequence": 11, "ignore_fail": true}}, {"model": "sat_toolkit.teststepsequence", "pk": 306, "fields": {"testcase": 103, "teststep": 169, "sequence": 31, "ignore_fail": true}}, {"model": "sat_toolkit.teststepsequence", "pk": 308, "fields": {"testcase": 103, "teststep": 171, "sequence": 41, "ignore_fail": true}}, {"model": "sat_toolkit.teststepsequence", "pk": 310, "fields": {"testcase": 105, "teststep": 165, "sequence": 1, "ignore_fail": true}}, {"model": "sat_toolkit.teststepsequence", "pk": 311, "fields": {"testcase": 105, "teststep": 167, "sequence": 11, "ignore_fail": true}}, {"model": "sat_toolkit.teststepsequence", "pk": 312, "fields": {"testcase": 105, "teststep": 171, "sequence": 21, "ignore_fail": true}}, {"model": "sat_toolkit.teststepsequence", "pk": 313, "fields": {"testcase": 105, "teststep": 169, "sequence": 31, "ignore_fail": true}}, {"model": "sat_toolkit.teststepsequence", "pk": 314, "fields": {"testcase": 106, "teststep": 174, "sequence": 100, "ignore_fail": true}}, {"model": "sat_toolkit.teststepsequence", "pk": 317, "fields": {"testcase": 108, "teststep": 82, "sequence": 1, "ignore_fail": true}}, {"model": "sat_toolkit.teststepsequence", "pk": 318, "fields": {"testcase": 108, "teststep": 144, "sequence": 10, "ignore_fail": true}}, {"model": "sat_toolkit.teststepsequence", "pk": 319, "fields": {"testcase": 109, "teststep": 82, "sequence": 1, "ignore_fail": true}}, {"model": "sat_toolkit.teststepsequence", "pk": 320, "fields": {"testcase": 109, "teststep": 142, "sequence": 100, "ignore_fail": true}}, {"model": "sat_toolkit.teststepsequence", "pk": 321, "fields": {"testcase": 110, "teststep": 82, "sequence": 1, "ignore_fail": true}}, {"model": "sat_toolkit.teststepsequence", "pk": 322, "fields": {"testcase": 110, "teststep": 143, "sequence": 100, "ignore_fail": true}}, {"model": "sat_toolkit.teststepsequence", "pk": 323, "fields": {"testcase": 111, "teststep": 177, "sequence": 100, "ignore_fail": true}}, {"model": "sat_toolkit.teststepsequence", "pk": 324, "fields": {"testcase": 112, "teststep": 178, "sequence": 100, "ignore_fail": true}}, {"model": "sat_toolkit.teststepsequence", "pk": 325, "fields": {"testcase": 113, "teststep": 179, "sequence": 100, "ignore_fail": true}}, {"model": "sat_toolkit.teststepsequence", "pk": 326, "fields": {"testcase": 114, "teststep": 160, "sequence": 1, "ignore_fail": true}}, {"model": "sat_toolkit.teststepsequence", "pk": 327, "fields": {"testcase": 114, "teststep": 167, "sequence": 2, "ignore_fail": true}}, {"model": "sat_toolkit.teststepsequence", "pk": 328, "fields": {"testcase": 114, "teststep": 173, "sequence": 100, "ignore_fail": true}}, {"model": "sat_toolkit.teststepsequence", "pk": 329, "fields": {"testcase": 114, "teststep": 167, "sequence": 100, "ignore_fail": true}}, {"model": "sat_toolkit.teststepsequence", "pk": 331, "fields": {"testcase": 185, "teststep": 183, "sequence": 100, "ignore_fail": true}}, {"model": "sat_toolkit.teststepsequence", "pk": 332, "fields": {"testcase": 185, "teststep": 183, "sequence": 100, "ignore_fail": true}}, {"model": "sat_toolkit.teststepsequence", "pk": 333, "fields": {"testcase": 187, "teststep": 183, "sequence": 100, "ignore_fail": true}}, {"model": "sat_toolkit.teststepsequence", "pk": 334, "fields": {"testcase": 184, "teststep": 180, "sequence": 1, "ignore_fail": true}}, {"model": "sat_toolkit.teststepsequence", "pk": 336, "fields": {"testcase": 184, "teststep": 182, "sequence": 3, "ignore_fail": true}}, {"model": "sat_toolkit.teststep", "pk": 82, "fields": {"name": "DHU || ADB || 请确认DHU已经通过USB连接SAT，且DHU的ADB已经打开", "description": "", "cmd_type": "Python File", "command_detail": "dhu/adb/check_dhu_connected_and_adb_enabled.py", "pass_condition": "Record", "predefined_list": ""}}, {"model": "sat_toolkit.teststep", "pk": 84, "fields": {"name": "DHU || ADB || 检查app数据是否有访问控制", "description": "", "cmd_type": "Python File", "command_detail": "dhu/adb/check_dhu_app_permission.py", "pass_condition": "Record", "predefined_list": ""}}, {"model": "sat_toolkit.teststep", "pk": 85, "fields": {"name": "DHU || ADB || 检查DHU日志是否有访问控制", "description": "", "cmd_type": "Python File", "command_detail": "dhu/adb/check_dhu_file_permission.py  /tmp", "pass_condition": "Record", "predefined_list": ""}}, {"model": "sat_toolkit.teststep", "pk": 86, "fields": {"name": "DHU || ADB || 检查DHU配置文件是否有访问控制", "description": "", "cmd_type": "Python File", "command_detail": "dhu/adb/check_dhu_file_permission.py  /data/local/tmp/__Zeekr_SAT_TMP_FILES", "pass_condition": "Record", "predefined_list": ""}}, {"model": "sat_toolkit.teststep", "pk": 87, "fields": {"name": "DHU || ADB || 检查是否有任意用户可写文件", "description": "", "cmd_type": "Python File", "command_detail": "dhu/adb/check_dhu_user_writable_files.py", "pass_condition": "Record", "predefined_list": ""}}, {"model": "sat_toolkit.teststep", "pk": 89, "fields": {"name": "DHU || ADB || 检查是否有Suid程序", "description": "", "cmd_type": "Python File", "command_detail": "dhu/adb/check_dhu_suid_bin.py", "pass_condition": "Record", "predefined_list": ""}}, {"model": "sat_toolkit.teststep", "pk": 91, "fields": {"name": "DHU || ADB || 检查是否开启了selinux", "description": "", "cmd_type": "Python File", "command_detail": "dhu/adb/check_dhu_selinux.py", "pass_condition": "Record", "predefined_list": ""}}, {"model": "sat_toolkit.teststep", "pk": 92, "fields": {"name": "TCAM || ADB || 用户交互 || 请确认TCAM已经通过USB连接SAT，且TCAM的ADB已经打开", "description": "", "cmd_type": "Python File", "command_detail": "tcam/adb/check_tcam_connected_and_adb_enabled.py", "pass_condition": "Record", "predefined_list": ""}}, {"model": "sat_toolkit.teststep", "pk": 93, "fields": {"name": "TCAM || ADB || 检查adb pull push是否鉴权", "description": "", "cmd_type": "Python File", "command_detail": "tcam/adb/check_tcam_pull_push_file_without_permission.py", "pass_condition": "Record", "predefined_list": ""}}, {"model": "sat_toolkit.teststep", "pk": 94, "fields": {"name": "SAT || USB模拟为U盘", "description": "", "cmd_type": "Python File", "command_detail": "sat/sat_mount_usb_devices.py usb_flash_disk", "pass_condition": "Record", "predefined_list": ""}}, {"model": "sat_toolkit.teststep", "pk": 95, "fields": {"name": "DHU || ADB || 检查能否通过adb install安装app", "description": "", "cmd_type": "Python File", "command_detail": "dhu/adb/check_dhu_install_apk.py", "pass_condition": "Record", "predefined_list": ""}}, {"model": "sat_toolkit.teststep", "pk": 142, "fields": {"name": "DHU || ADB || 检查Android Security Patch日期", "description": "", "cmd_type": "Python File", "command_detail": "dhu/adb/check_dhu_android_security_patch.py", "pass_condition": "Record", "predefined_list": ""}}, {"model": "sat_toolkit.teststep", "pk": 143, "fields": {"name": "DHU || ADB || 检查WebView版本", "description": "", "cmd_type": "Python File", "command_detail": "dhu/adb/check_dhu_webview_version.py", "pass_condition": "Record", "predefined_list": ""}}, {"model": "sat_toolkit.teststep", "pk": 144, "fields": {"name": "DHU || ADB || 检查是否有内部研发测试APP安装", "description": "", "cmd_type": "Python File", "command_detail": "dhu/check_dhu_debug_app_find.py", "pass_condition": "Record", "predefined_list": ""}}, {"model": "sat_toolkit.teststep", "pk": 148, "fields": {"name": "DHU || ADB || 检查是否有ADB ROOT", "description": "", "cmd_type": "Python File", "command_detail": "dhu/adb/check_dhu_adb_root.py", "pass_condition": "Record", "predefined_list": ""}}, {"model": "sat_toolkit.teststep", "pk": 149, "fields": {"name": "DHU || ADB || 检查是否有任意用户可写目录", "description": "", "cmd_type": "Python File", "command_detail": "dhu/adb/check_dhu_user_writable_dirs.py", "pass_condition": "Record", "predefined_list": ""}}, {"model": "sat_toolkit.teststep", "pk": 150, "fields": {"name": "SAT || USB模拟为USB键盘", "description": "", "cmd_type": "Python File", "command_detail": "sat/sat_mount_usb_devices.py usb_keyboard", "pass_condition": "Record", "predefined_list": ""}}, {"model": "sat_toolkit.teststep", "pk": 151, "fields": {"name": "SAT || USB模拟为USB鼠标", "description": "", "cmd_type": "Python File", "command_detail": "sat/sat_mount_usb_devices.py usb_mouse", "pass_condition": "Record", "predefined_list": ""}}, {"model": "sat_toolkit.teststep", "pk": 152, "fields": {"name": "DHU || USB || 用户交互 || 请确认DHU已经通过USB连接SAT", "description": "", "cmd_type": "Python File", "command_detail": "user_confirm.py 请确认DHU已经通过USB连接SAT", "pass_condition": "Record", "predefined_list": ""}}, {"model": "sat_toolkit.teststep", "pk": 153, "fields": {"name": "DHU || USB || 用户交互 || SAT已经模拟为U盘，请确认DHU兼容性", "description": "", "cmd_type": "Python File", "command_detail": "user_confirm.py SAT已经模拟为U盘，请确认DHU兼容性", "pass_condition": "Record", "predefined_list": ""}}, {"model": "sat_toolkit.teststep", "pk": 154, "fields": {"name": "DHU || USB || 用户交互 || SAT已经模拟为USB键盘，请确认DHU兼容性", "description": "", "cmd_type": "Python File", "command_detail": "user_confirm.py SAT已经模拟为USB键盘，请确认DHU兼容性", "pass_condition": "Record", "predefined_list": ""}}, {"model": "sat_toolkit.teststep", "pk": 155, "fields": {"name": "DHU || USB || 用户交互 || SAT已经模拟为USB鼠标，请确认DHU兼容性", "description": "", "cmd_type": "Python File", "command_detail": "user_confirm.py SAT已经模拟为USB鼠标，请确认DHU兼容性", "pass_condition": "Record", "predefined_list": ""}}, {"model": "sat_toolkit.teststep", "pk": 156, "fields": {"name": "DHU || USB || 用户交互 || SAT已经模拟为U盘，请确认DHU能否安装U盘内的APP", "description": "", "cmd_type": "Python File", "command_detail": "user_confirm.py SAT已经模拟为U盘，请确认DHU能否安装U盘内的APP", "pass_condition": "Record", "predefined_list": ""}}, {"model": "sat_toolkit.teststep", "pk": 157, "fields": {"name": "DHU || USB || 用户交互 || 请确认DHU已经通过USB连接SAT，且DHU的ADB已经关闭", "description": "", "cmd_type": "Python File", "command_detail": "dhu/adb/check_dhu_connected_and_adb_disabled.py", "pass_condition": "Record", "predefined_list": ""}}, {"model": "sat_toolkit.teststep", "pk": 158, "fields": {"name": "DHU&&TCAM || USB || 检查非调试模式下的USB状态", "description": "", "cmd_type": "Python File", "command_detail": "sat/check_usb_debug_port.py", "pass_condition": "Record", "predefined_list": ""}}, {"model": "sat_toolkit.teststep", "pk": 159, "fields": {"name": "TCAM || ADB || 用户交互 || 请确认TCAM已经通过USB连接SAT，且TCAM的ADB已经关闭", "description": "", "cmd_type": "Python File", "command_detail": "tcam/adb/check_tcam_connected_and_adb_disabled.py", "pass_condition": "Record", "predefined_list": ""}}, {"model": "sat_toolkit.teststep", "pk": 160, "fields": {"name": "SAT || 连接TCAM的热点", "description": "", "cmd_type": "Python File", "command_detail": "tcam/wifi/sat_connect_tcam_wifi.py", "pass_condition": "Record", "predefined_list": ""}}, {"model": "sat_toolkit.teststep", "pk": 161, "fields": {"name": "TCAM || WIFI ||  TCAM内网隔离开启", "description": "", "cmd_type": "Python File", "command_detail": "tcam/wifi/internal_network_control.py enable", "pass_condition": "Record", "predefined_list": ""}}, {"model": "sat_toolkit.teststep", "pk": 162, "fields": {"name": "TCAM || WIFI ||  TCAM内网隔离关闭", "description": "", "cmd_type": "Python File", "command_detail": "tcam/wifi/internal_network_control.py disable", "pass_condition": "Record", "predefined_list": ""}}, {"model": "sat_toolkit.teststep", "pk": 163, "fields": {"name": "TCAM || WIFI || TCAM内网隔离开启下内网隐藏IP检测", "description": "", "cmd_type": "Python File", "command_detail": "tcam/wifi/internal_ip_scan.py check", "pass_condition": "Record", "predefined_list": ""}}, {"model": "sat_toolkit.teststep", "pk": 164, "fields": {"name": "TCAM || WIFI || TCAM内网隔离关闭后内网隐藏IP扫描", "description": "", "cmd_type": "Python File", "command_detail": "tcam/wifi/internal_ip_scan.py record", "pass_condition": "Record", "predefined_list": ""}}, {"model": "sat_toolkit.teststep", "pk": 165, "fields": {"name": "TCAM || WIFI || 对TCAM进行MAC Flood攻击", "description": "", "cmd_type": "Python File", "command_detail": "tcam/wifi/tcam_flood_attack.py mac", "pass_condition": "Record", "predefined_list": ""}}, {"model": "sat_toolkit.teststep", "pk": 167, "fields": {"name": "TCAM || WIFI || 对TCAM进行ICMP Flood攻击", "description": "", "cmd_type": "Python File", "command_detail": "tcam/wifi/tcam_flood_attack.py icmp", "pass_condition": "Record", "predefined_list": ""}}, {"model": "sat_toolkit.teststep", "pk": 169, "fields": {"name": "TCAM || WIFI || 对TCAM进行TCP Flood攻击", "description": "", "cmd_type": "Python File", "command_detail": "tcam/wifi/tcam_flood_attack.py tcp", "pass_condition": "Record", "predefined_list": ""}}, {"model": "sat_toolkit.teststep", "pk": 171, "fields": {"name": "TCAM || WIFI || 对TCAM进行UDP Flood攻击", "description": "", "cmd_type": "Python File", "command_detail": "tcam/wifi/tcam_flood_attack.py udp", "pass_condition": "Record", "predefined_list": ""}}, {"model": "sat_toolkit.teststep", "pk": 173, "fields": {"name": "TCAM || WIFI || TCAM连接SAT的热点", "description": "", "cmd_type": "Python File", "command_detail": "tcam/wifi/tcam_connect_sat_wifi.py", "pass_condition": "Record", "predefined_list": ""}}, {"model": "sat_toolkit.teststep", "pk": 174, "fields": {"name": "SAT || 对流量进行中间人攻击审计", "description": "", "cmd_type": "Python File", "command_detail": "sat/man_in_middle_control.py", "pass_condition": "Record", "predefined_list": ""}}, {"model": "sat_toolkit.teststep", "pk": 175, "fields": {"name": "DoIP || 车辆已连接OBD，打开全车调试模式", "description": "", "cmd_type": "Python File", "command_detail": "doip/check_doip_connected_and_debug.py open", "pass_condition": "Record", "predefined_list": ""}}, {"model": "sat_toolkit.teststep", "pk": 176, "fields": {"name": "DoIP || 车辆已连接OBD，关闭全车调试模式", "description": "", "cmd_type": "Python File", "command_detail": "doip/check_doip_connected_and_debug.py close", "pass_condition": "Record", "predefined_list": ""}}, {"model": "sat_toolkit.teststep", "pk": 177, "fields": {"name": "SAT || 开启自定义WIFI热点，检查汽车连接兼容性", "description": "", "cmd_type": "Python File", "command_detail": "sat/sat_rename_ap_name.py", "pass_condition": "Record", "predefined_list": ""}}, {"model": "sat_toolkit.teststep", "pk": 178, "fields": {"name": "SAT || 扫描汽车热点，检测热点加密模式", "description": "", "cmd_type": "Python File", "command_detail": "sat/sat_scan_vehicle_ap.py", "pass_condition": "Record", "predefined_list": ""}}, {"model": "sat_toolkit.teststep", "pk": 179, "fields": {"name": "DoIP || 对ECU零部件进行10服务的后门指令扫描", "description": "", "cmd_type": "Python File", "command_detail": "doip/test_doip_10_cmd.py", "pass_condition": "Record", "predefined_list": ""}}, {"model": "sat_toolkit.teststep", "pk": 180, "fields": {"name": "SAT_UI_API||confirm对话框测试", "description": "", "cmd_type": "Python Command", "command_detail": "import logging\r\nlogger = logging.getLogger(__name__)\r\n\r\nfrom sat_toolkit.tools.input_mgr import Input_Mgr\r\n\r\ndef main():\r\n    result_tuple = Input_Mgr.Instance().confirm(\"这是一个confirm对话框\")\r\n    if result_tuple[0] < 1:\r\n        return result_tuple\r\n\r\nif __name__ == '__main__':\r\n    main()", "pass_condition": "Record", "predefined_list": ""}}, {"model": "sat_toolkit.teststep", "pk": 181, "fields": {"name": "SAT_UI_API||String Input对话框测试", "description": "", "cmd_type": "Python Command", "command_detail": "import logging\r\nlogger = logging.getLogger(__name__)\r\n\r\nfrom sat_toolkit.tools.input_mgr import Input_Mgr\r\n\r\ndef main():\r\n    desc = Input_Mgr.Instance().string_input(\r\n                \"这个是一个String Input对话框\",\r\n                None\r\n            )\r\n\r\nif __name__ == '__main__':\r\n    main()", "pass_condition": "Record", "predefined_list": ""}}, {"model": "sat_toolkit.teststep", "pk": 182, "fields": {"name": "SAT_UI_API||SingleChoice对话框测试", "description": "", "cmd_type": "Python Command", "command_detail": "import logging\r\nlogger = logging.getLogger(__name__)\r\n\r\nfrom sat_toolkit.tools.input_mgr import Input_Mgr\r\n\r\ndef main():\r\n\r\n    Input_Mgr.Instance().single_choice(\r\n                \"这个是一个Single Choice对话框\",\r\n                [\"选项1\",\r\n                \"选项2\"]\r\n            )\r\nif __name__ == '__main__':\r\n    main()", "pass_condition": "Record", "predefined_list": ""}}, {"model": "sat_toolkit.teststep", "pk": 183, "fields": {"name": "SAT_UI_API||休眠2秒", "description": "", "cmd_type": "Python Command", "command_detail": "import logging\r\nlogger = logging.getLogger(__name__)\r\n\r\nimport time\r\n\r\ndef main():\r\n    logger.info(\"before sleep 2s\")\r\n    time.sleep(2)\r\n    logger.info(\"after sleep 2s\")\r\n\r\n\r\nif __name__ == '__main__':\r\n    main()", "pass_condition": "Record", "predefined_list": ""}}, {"model": "sat_toolkit.testcase", "pk": 32, "fields": {"name": "DHU || USB || USB设备兼容性测试", "description": "SAT模拟为U盘，键盘，鼠标等，检测DHU的兼容性", "init_step": null, "cleanup_step": null}}, {"model": "sat_toolkit.testcase", "pk": 33, "fields": {"name": "DHU || USB || 检查是否通过U盘安装APP", "description": "SAT模拟为U盘，检测DHU能否安装U盘内部的APP", "init_step": null, "cleanup_step": null}}, {"model": "sat_toolkit.testcase", "pk": 34, "fields": {"name": "DHU&&TCAM || USB || 检查非调试模式下的USB状态", "description": "", "init_step": null, "cleanup_step": null}}, {"model": "sat_toolkit.testcase", "pk": 101, "fields": {"name": "DHU || ADB || 多合一测试", "description": "集成了DHU的多项需要开启ADB的测试", "init_step": null, "cleanup_step": null}}, {"model": "sat_toolkit.testcase", "pk": 102, "fields": {"name": "TCAM || ADB || 多合一测试", "description": "集成了TCAM的多项需要开启ADB的测试", "init_step": null, "cleanup_step": null}}, {"model": "sat_toolkit.testcase", "pk": 103, "fields": {"name": "TCAM || WIFI_AP || Flood多合一测试", "description": "SAT连接到TCAM热点上，对TCAM进行Flood攻击", "init_step": 160, "cleanup_step": null}}, {"model": "sat_toolkit.testcase", "pk": 104, "fields": {"name": "TCAM || WIFI_AP || 内网扫描多合一测试", "description": "SAT连接到TCAM热点上，对TCAM进行内网扫描", "init_step": 160, "cleanup_step": null}}, {"model": "sat_toolkit.testcase", "pk": 105, "fields": {"name": "TCAM || WIFI_STA || Flood多合一测试", "description": "TCAM连接到SAT热点上，对TCAM进行Flood攻击", "init_step": 173, "cleanup_step": null}}, {"model": "sat_toolkit.testcase", "pk": 106, "fields": {"name": "TCAM || WIFI_STA || 中间人流量审计", "description": "TCAM连接到SAT热点上，对TCAM进行流量审计", "init_step": 173, "cleanup_step": null}}, {"model": "sat_toolkit.testcase", "pk": 108, "fields": {"name": "R155 17.1 || 检查是否存在测试、调试App", "description": "", "init_step": 175, "cleanup_step": 176}}, {"model": "sat_toolkit.testcase", "pk": 109, "fields": {"name": "R155 28.1 || 检查android security patch日期", "description": "", "init_step": 175, "cleanup_step": 176}}, {"model": "sat_toolkit.testcase", "pk": 110, "fields": {"name": "R155 28.1 || 检查webview版本", "description": "", "init_step": 175, "cleanup_step": 176}}, {"model": "sat_toolkit.testcase", "pk": 111, "fields": {"name": "R155 16.x || WIFI SSID格式化字符串", "description": "", "init_step": null, "cleanup_step": null}}, {"model": "sat_toolkit.testcase", "pk": 112, "fields": {"name": "R155 7.1 || WIFI加密模式检查", "description": "", "init_step": null, "cleanup_step": null}}, {"model": "sat_toolkit.testcase", "pk": 113, "fields": {"name": "R155 11.3 || 对ECU零部件进行10服务的后门指令扫描", "description": "", "init_step": 176, "cleanup_step": null}}, {"model": "sat_toolkit.testcase", "pk": 114, "fields": {"name": "R155 8.1 || TCAM WIFI ICMP泛洪攻击", "description": "", "init_step": null, "cleanup_step": null}}, {"model": "sat_toolkit.testcase", "pk": 115, "fields": {"name": "R155 11.3 || 利用OBD诊断在车辆高速及静止状态下进行11 01的DOS攻击", "description": "", "init_step": null, "cleanup_step": null}}, {"model": "sat_toolkit.testcase", "pk": 116, "fields": {"name": "R155 11.3 || 利用OBD诊断在车辆高速及静止状态下进行10 02的DOS攻击", "description": "", "init_step": null, "cleanup_step": null}}, {"model": "sat_toolkit.testcase", "pk": 117, "fields": {"name": "R155 11.3 || 利用OBD诊断命令进行超过正常范围的数据读取", "description": "", "init_step": null, "cleanup_step": null}}, {"model": "sat_toolkit.testcase", "pk": 118, "fields": {"name": "R155 11.3 || 利用OBD诊断命令进行超过正常范围的数据写入", "description": "", "init_step": null, "cleanup_step": null}}, {"model": "sat_toolkit.testcase", "pk": 119, "fields": {"name": "R155 11.3 || 利用OBD诊断命令进行超过非授权的控制", "description": "", "init_step": null, "cleanup_step": null}}, {"model": "sat_toolkit.testcase", "pk": 120, "fields": {"name": "R155 11.3 || 对ECU零部件进行27服务的后门指令扫描", "description": "", "init_step": null, "cleanup_step": null}}, {"model": "sat_toolkit.testcase", "pk": 121, "fields": {"name": "R155 11.3 || 对ECU零部件进行27 01的pincode固定值扫描", "description": "", "init_step": null, "cleanup_step": null}}, {"model": "sat_toolkit.testcase", "pk": 122, "fields": {"name": "R155 11.3 || 对ECU零部件进行27 03的pincode固定值扫描", "description": "", "init_step": null, "cleanup_step": null}}, {"model": "sat_toolkit.testcase", "pk": 123, "fields": {"name": "R155 11.3 || 对ECU零部件进行27 05的pincode固定值扫描", "description": "", "init_step": null, "cleanup_step": null}}, {"model": "sat_toolkit.testcase", "pk": 124, "fields": {"name": "R155 11.3 || 对ECU零部件进行27 11的pincode固定值扫描", "description": "", "init_step": null, "cleanup_step": null}}, {"model": "sat_toolkit.testcase", "pk": 125, "fields": {"name": "R155 11.3 || 对ECU零部件进行27 19的pincode固定值扫描", "description": "", "init_step": null, "cleanup_step": null}}, {"model": "sat_toolkit.testcase", "pk": 126, "fields": {"name": "R155 11.3 || 对OBD口进行FUZZ测试", "description": "", "init_step": null, "cleanup_step": null}}, {"model": "sat_toolkit.testcase", "pk": 127, "fields": {"name": "R155 8.1 || OBD CAN泛洪拒绝服务攻击", "description": "", "init_step": null, "cleanup_step": null}}, {"model": "sat_toolkit.testcase", "pk": 128, "fields": {"name": "R155 8.1 || TCAM WIFI MAC泛洪", "description": "", "init_step": null, "cleanup_step": null}}, {"model": "sat_toolkit.testcase", "pk": 129, "fields": {"name": "R155 8.1 || TCAM WIFI TCP SYN泛洪攻击", "description": "", "init_step": null, "cleanup_step": null}}, {"model": "sat_toolkit.testcase", "pk": 130, "fields": {"name": "R155 8.1 || TCAM WIFI UDP泛洪攻击", "description": "", "init_step": null, "cleanup_step": null}}, {"model": "sat_toolkit.testcase", "pk": 131, "fields": {"name": "R155 8.1 || DHU WIFI MAC泛洪", "description": "", "init_step": null, "cleanup_step": null}}, {"model": "sat_toolkit.testcase", "pk": 132, "fields": {"name": "R155 8.1 || DHU WIFI ICMP泛洪攻击", "description": "", "init_step": null, "cleanup_step": null}}, {"model": "sat_toolkit.testcase", "pk": 133, "fields": {"name": "R155 8.1 || DHU WIFI UDP泛洪攻击", "description": "", "init_step": null, "cleanup_step": null}}, {"model": "sat_toolkit.testcase", "pk": 134, "fields": {"name": "R155 8.1 || DHU  WIFI TCP SYN泛洪攻击", "description": "", "init_step": null, "cleanup_step": null}}, {"model": "sat_toolkit.testcase", "pk": 135, "fields": {"name": "R155 8.1 || OBD ETH MAC泛洪攻击", "description": "", "init_step": null, "cleanup_step": null}}, {"model": "sat_toolkit.testcase", "pk": 136, "fields": {"name": "R155 8.1 || OBD ETH ICMP泛洪攻击", "description": "", "init_step": null, "cleanup_step": null}}, {"model": "sat_toolkit.testcase", "pk": 137, "fields": {"name": "R155 8.1 || OBD ETH UDP泛洪攻击", "description": "", "init_step": null, "cleanup_step": null}}, {"model": "sat_toolkit.testcase", "pk": 138, "fields": {"name": "R155 8.1 || OBD ETH TCP SYN泛洪攻击", "description": "", "init_step": null, "cleanup_step": null}}, {"model": "sat_toolkit.testcase", "pk": 139, "fields": {"name": "R155 16.x || 蓝牙名称格式化字符串", "description": "", "init_step": null, "cleanup_step": null}}, {"model": "sat_toolkit.testcase", "pk": 140, "fields": {"name": "R155 16.x || 短信格式化字符串", "description": "", "init_step": null, "cleanup_step": null}}, {"model": "sat_toolkit.testcase", "pk": 141, "fields": {"name": "R155 7.1 || 蓝牙配对模式检查", "description": "", "init_step": null, "cleanup_step": null}}, {"model": "sat_toolkit.testcase", "pk": 142, "fields": {"name": "R155 5.x || WIFI检查是否有http明文协议", "description": "", "init_step": null, "cleanup_step": null}}, {"model": "sat_toolkit.testcase", "pk": 143, "fields": {"name": "R155 5.x || WIFI检查是否有TLS可被中间人", "description": "", "init_step": null, "cleanup_step": null}}, {"model": "sat_toolkit.testcase", "pk": 144, "fields": {"name": "R155 5.x || WIFI检查TLS的版本", "description": "", "init_step": null, "cleanup_step": null}}, {"model": "sat_toolkit.testcase", "pk": 145, "fields": {"name": "R155 5.x || WIFI检查TLS的加密方式", "description": "", "init_step": null, "cleanup_step": null}}, {"model": "sat_toolkit.testcase", "pk": 146, "fields": {"name": "R155 29.1 || TCAM WIFI AP模式下网络隔离测试（车内198等网段转发隔离）", "description": "", "init_step": null, "cleanup_step": null}}, {"model": "sat_toolkit.testcase", "pk": 147, "fields": {"name": "R155 29.1 || TCAM WIFI AP模式下网络隔离测试（TCAM本身多网段隔离）", "description": "", "init_step": null, "cleanup_step": null}}, {"model": "sat_toolkit.testcase", "pk": 148, "fields": {"name": "R155 29.1 || TCAM WIFI AP模式下网络隔离测试（公网APN车车互联隔离）", "description": "", "init_step": null, "cleanup_step": null}}, {"model": "sat_toolkit.testcase", "pk": 149, "fields": {"name": "R155 29.1 || TCAM WIFI STA模式下网络隔离测试（车内198等网段转发隔离）", "description": "", "init_step": null, "cleanup_step": null}}, {"model": "sat_toolkit.testcase", "pk": 150, "fields": {"name": "R155 29.1 || TCAM WIFI STA模式下网络隔离测试（TCAM本身多网段隔离）", "description": "", "init_step": null, "cleanup_step": null}}, {"model": "sat_toolkit.testcase", "pk": 151, "fields": {"name": "R155 29.1 || DHU WIFI AP模式下网络隔离测试（车内198等网段转发隔离）", "description": "", "init_step": null, "cleanup_step": null}}, {"model": "sat_toolkit.testcase", "pk": 152, "fields": {"name": "R155 29.1 || DHU WIFI AP模式下网络隔离测试（DHU本身多网段隔离）", "description": "", "init_step": null, "cleanup_step": null}}, {"model": "sat_toolkit.testcase", "pk": 153, "fields": {"name": "R155 29.1 || OBD网络隔离测试（车内198等网段转发隔离）", "description": "", "init_step": null, "cleanup_step": null}}, {"model": "sat_toolkit.testcase", "pk": 154, "fields": {"name": "R155 29.1 || TCAM WIFI AP模式端口暴露测试（TCAM自身）", "description": "", "init_step": null, "cleanup_step": null}}, {"model": "sat_toolkit.testcase", "pk": 155, "fields": {"name": "R155 29.1 || TCAM WIFI AP模式端口暴露测试（其他未隔离ECU）", "description": "", "init_step": null, "cleanup_step": null}}, {"model": "sat_toolkit.testcase", "pk": 156, "fields": {"name": "R155 29.1 || TCAM WIFI STA模式端口暴露测试（TCAM自身）", "description": "", "init_step": null, "cleanup_step": null}}, {"model": "sat_toolkit.testcase", "pk": 157, "fields": {"name": "R155 29.1 || TCAM WIFI STA模式端口暴露测试（其他未隔离ECU）", "description": "", "init_step": null, "cleanup_step": null}}, {"model": "sat_toolkit.testcase", "pk": 158, "fields": {"name": "R155 29.1 || DHU WIFI AP模式端口暴露测试（DHU自身）", "description": "", "init_step": null, "cleanup_step": null}}, {"model": "sat_toolkit.testcase", "pk": 159, "fields": {"name": "R155 29.1 || DHU WIFI AP模式端口暴露测试（其他未隔离ECU）", "description": "", "init_step": null, "cleanup_step": null}}, {"model": "sat_toolkit.testcase", "pk": 160, "fields": {"name": "R155 29.1 || OBD端口暴漏测试（网关自身）", "description": "", "init_step": null, "cleanup_step": null}}, {"model": "sat_toolkit.testcase", "pk": 161, "fields": {"name": "R155 29.1 || OBD端口暴漏测试（其他未隔离ECU）", "description": "", "init_step": null, "cleanup_step": null}}, {"model": "sat_toolkit.testcase", "pk": 162, "fields": {"name": "R155 29.1 || TCAM APN私网云端是否暴漏内部服务", "description": "", "init_step": null, "cleanup_step": null}}, {"model": "sat_toolkit.testcase", "pk": 163, "fields": {"name": "R155 29.1 || 私网APN车车互联隔离", "description": "", "init_step": null, "cleanup_step": null}}, {"model": "sat_toolkit.testcase", "pk": 164, "fields": {"name": "R155 29.1 || 车内以太网端口暴漏测试", "description": "", "init_step": null, "cleanup_step": null}}, {"model": "sat_toolkit.testcase", "pk": 165, "fields": {"name": "R155 29.1 || 通过在TCAM shell中检查端口", "description": "", "init_step": null, "cleanup_step": null}}, {"model": "sat_toolkit.testcase", "pk": 166, "fields": {"name": "R155 29.1 || 通过在QNX shell中检查端口", "description": "", "init_step": null, "cleanup_step": null}}, {"model": "sat_toolkit.testcase", "pk": 167, "fields": {"name": "R155 29.1 || 通过在DHU shell中检查端口", "description": "", "init_step": null, "cleanup_step": null}}, {"model": "sat_toolkit.testcase", "pk": 168, "fields": {"name": "R155 23.1 || 检查是否有未鉴权USB调试接口", "description": "", "init_step": null, "cleanup_step": null}}, {"model": "sat_toolkit.testcase", "pk": 169, "fields": {"name": "R155 23.1 || 检查是否有未鉴权WIFI调试接口", "description": "", "init_step": null, "cleanup_step": null}}, {"model": "sat_toolkit.testcase", "pk": 170, "fields": {"name": "R155 23.1 || 检查是否有未鉴权ETH调试接口", "description": "", "init_step": null, "cleanup_step": null}}, {"model": "sat_toolkit.testcase", "pk": 171, "fields": {"name": "R155 22.2 || 检查是否有app安装校验", "description": "", "init_step": null, "cleanup_step": null}}, {"model": "sat_toolkit.testcase", "pk": 172, "fields": {"name": "R155 18.1 || 检查车机usb支持哪些设备", "description": "", "init_step": null, "cleanup_step": null}}, {"model": "sat_toolkit.testcase", "pk": 173, "fields": {"name": "R155 18.1 || 检查adb pull/push是否未鉴权", "description": "", "init_step": null, "cleanup_step": null}}, {"model": "sat_toolkit.testcase", "pk": 174, "fields": {"name": "R155 10.1 || 检查U盘是否能够执行病毒", "description": "", "init_step": null, "cleanup_step": null}}, {"model": "sat_toolkit.testcase", "pk": 175, "fields": {"name": "R155 9.1 || 检查是否有任意可写的文件", "description": "", "init_step": null, "cleanup_step": null}}, {"model": "sat_toolkit.testcase", "pk": 176, "fields": {"name": "R155 9.1 || 检查是否有任意可写的文件夹", "description": "", "init_step": null, "cleanup_step": null}}, {"model": "sat_toolkit.testcase", "pk": 177, "fields": {"name": "R155 9.1 || 检查是否有Suid程序", "description": "", "init_step": null, "cleanup_step": null}}, {"model": "sat_toolkit.testcase", "pk": 178, "fields": {"name": "R155 9.1 || 检查是否有Adb Root", "description": "", "init_step": null, "cleanup_step": null}}, {"model": "sat_toolkit.testcase", "pk": 179, "fields": {"name": "R155 9.1 || 检查是否能调用特定Activity", "description": "", "init_step": null, "cleanup_step": null}}, {"model": "sat_toolkit.testcase", "pk": 180, "fields": {"name": "R155 9.1 || 检查是否开启了selinux", "description": "", "init_step": null, "cleanup_step": null}}, {"model": "sat_toolkit.testcase", "pk": 181, "fields": {"name": "R155 7.2 || 检查app数据是否有访问控制", "description": "", "init_step": null, "cleanup_step": null}}, {"model": "sat_toolkit.testcase", "pk": 182, "fields": {"name": "R155 7.2 || 检查日志是否有访问控制", "description": "", "init_step": null, "cleanup_step": null}}, {"model": "sat_toolkit.testcase", "pk": 183, "fields": {"name": "R155 7.2 || 检查配置文件是否有访问控制", "description": "", "init_step": null, "cleanup_step": null}}, {"model": "sat_toolkit.testcase", "pk": 184, "fields": {"name": "SAT_UI_APITestcase1", "description": "", "init_step": null, "cleanup_step": null}}, {"model": "sat_toolkit.testcase", "pk": 185, "fields": {"name": "SAT_UI_APITestcase2", "description": "", "init_step": null, "cleanup_step": null}}, {"model": "sat_toolkit.testcase", "pk": 186, "fields": {"name": "SAT_UI_APITestcase3", "description": "", "init_step": 183, "cleanup_step": null}}, {"model": "sat_toolkit.testcase", "pk": 187, "fields": {"name": "SAT_UI_APITestcase4", "description": "", "init_step": null, "cleanup_step": null}}, {"model": "sat_toolkit.testcase", "pk": 188, "fields": {"name": "SAT_UI_APITestcase5", "description": "", "init_step": 183, "cleanup_step": null}}, {"model": "sat_toolkit.testcase", "pk": 189, "fields": {"name": "SAT_UI_APITestcase6", "description": "", "init_step": null, "cleanup_step": 183}}, {"model": "sat_toolkit.testcase", "pk": 190, "fields": {"name": "SAT_UI_APITestcase7", "description": "", "init_step": 183, "cleanup_step": null}}, {"model": "sat_toolkit.testgroup", "pk": 14, "fields": {"name": "TCAM || WIFI || R155实验室全面测试 || 用例多合一", "description": "", "test_cases": [103, 104, 105, 106]}}, {"model": "sat_toolkit.testgroup", "pk": 15, "fields": {"name": "TCAM ||  USB || R155实验室全面测试 || 用例多合一", "description": "", "test_cases": [34, 102]}}, {"model": "sat_toolkit.testgroup", "pk": 16, "fields": {"name": "DHU || USB || R155实验室全面测试 || 用例多合一", "description": "", "test_cases": [32, 33, 34, 101]}}, {"model": "sat_toolkit.testgroup", "pk": 17, "fields": {"name": "R155 17.1 || 托管第 3 方软件，例如娱乐应用程序，用作攻击车辆系统的手段（17.1）", "description": "", "test_cases": [108]}}, {"model": "sat_toolkit.testgroup", "pk": 18, "fields": {"name": "R155 28.1 || 软件错误。软件错误的存在可能是潜在可利用漏洞的基础。如果没有对软件进行测试以验证不存在已知的错误代码/错误并降低出现未知错误代码 错误的风险，则尤其如此（28.1）", "description": "", "test_cases": [109, 110]}}, {"model": "sat_toolkit.testgroup", "pk": 19, "fields": {"name": "R155 16.x || 操纵车辆功能的连接性会导致网络攻击，这可能包括远程信息处理；允许远程操作的系统；和使用短距离无线通信的系统", "description": "", "test_cases": [111, 139, 140]}}, {"model": "sat_toolkit.testgroup", "pk": 21, "fields": {"name": "R155 7.1 || 拦截信息/干扰辐射/监控通讯", "description": "", "test_cases": [112, 141]}}, {"model": "sat_toolkit.testgroup", "pk": 22, "fields": {"name": "R155 11.3 || 恶意诊断消息", "description": "", "test_cases": [113, 115, 116, 117, 118, 119, 120, 121, 122, 123, 124, 125, 126]}}, {"model": "sat_toolkit.testgroup", "pk": 23, "fields": {"name": "R155 8.1 || 向车辆信息系统发送大量垃圾数据，使其无法正常提供服务", "description": "", "test_cases": [114, 127, 128, 129, 130, 131, 132, 133, 134, 135, 136, 137, 138]}}, {"model": "sat_toolkit.testgroup", "pk": 24, "fields": {"name": "R155 5.x || 用于对车辆持有的代码/数据进行未经授权的操作、删除或其他修改的通信渠道", "description": "", "test_cases": [142, 143, 144, 145]}}, {"model": "sat_toolkit.testgroup", "pk": 25, "fields": {"name": "R155 29.1 || 多余的互联网端口保持开放，提供对网络系统的访问", "description": "", "test_cases": [146, 147, 148, 149, 150, 151, 152, 153, 154, 155, 156, 157, 158, 159, 160, 161, 162, 163, 164, 165, 166, 167]}}, {"model": "sat_toolkit.testgroup", "pk": 26, "fields": {"name": "R155 23.1 || 引入新软件或覆盖现有软件", "description": "", "test_cases": [168, 169, 170]}}, {"model": "sat_toolkit.testgroup", "pk": 27, "fields": {"name": "R155 22.2 || 引入恶意软件或恶意软件活动", "description": "", "test_cases": [171]}}, {"model": "sat_toolkit.testgroup", "pk": 28, "fields": {"name": "R155 18.1 || 外部接口，例如 USB 或用作攻击点的其他端口，例如通过代码注入", "description": "", "test_cases": [172, 173]}}, {"model": "sat_toolkit.testgroup", "pk": 29, "fields": {"name": "R155 10.1 || 嵌入通信媒体的病毒能够感染车辆系统", "description": "", "test_cases": [174]}}, {"model": "sat_toolkit.testgroup", "pk": 30, "fields": {"name": "R155 9.1 || 非特权用户能够获得对车辆系统的特权访问", "description": "", "test_cases": [175, 176, 177, 178, 179, 180]}}, {"model": "sat_toolkit.testgroup", "pk": 31, "fields": {"name": "R155 7.2 || 未经授权访问文件或数据", "description": "", "test_cases": [181, 182, 183]}}, {"model": "sat_toolkit.testgroup", "pk": 32, "fields": {"name": "SAT_UI_API Group1", "description": "", "test_cases": [184, 185]}}, {"model": "sat_toolkit.testgroup", "pk": 33, "fields": {"name": "SAT_UI_API Group2", "description": "", "test_cases": [186, 187]}}, {"model": "sat_toolkit.testgroup", "pk": 34, "fields": {"name": "SAT_UI_API Group3", "description": "", "test_cases": [187, 188, 189, 190]}}, {"model": "sat_toolkit.testgrouptree", "pk": 1, "fields": {"parent": 33, "child": 32, "force_exec": false}}, {"model": "sat_toolkit.teststands", "pk": 7, "fields": {"name": "R155实验室全面测试", "description": "参照155附录，相似测试项多合一，加快测试速度", "test_groups": [14, 15, 16]}}, {"model": "sat_toolkit.teststands", "pk": 8, "fields": {"name": "R155标准测试", "description": "参照155附录，测试项互相独立", "test_groups": [17, 18, 19, 21, 22, 23, 24, 25, 26, 27, 28, 29, 30, 31]}}, {"model": "sat_toolkit.teststands", "pk": 9, "fields": {"name": "SAT_UI_API整体测试", "description": "这个是一个描述", "test_groups": [32, 33, 34]}}, {"model": "sat_toolkit.vehiclepin", "pk": 2, "fields": {"VIN": "L6T79ANE6PP000778", "DHU_PIN": "FFFFFFFFFF", "TCAM_PIN": "FFFFFFFFFF", "DESC": "屏蔽室车衣极氪001_FR"}}, {"model": "sat_toolkit.vehiclepin", "pk": 3, "fields": {"VIN": "L6T77P2N6PF000010", "DHU_PIN": "FFFFFFFFFF", "TCAM_PIN": "7DB0B3EECD", "DESC": "轮毂下内饰为绿色的极氪X"}}, {"model": "sat_toolkit.vehiclemodel", "pk": 1, "fields": {"Name": "DC1E-A2", "Description": "极氪001 FR的内部编号", "Pass_Condition": null, "TCAM_AP_IP": "", "TCAM_SSH_USER": "", "TCAM_SSH_PASSWD": "", "INTERNAL_IP_DICT": "", "TCAM_ADB_PULL_FILE": "", "TCAM_ADB_PUSH_FILE": "", "TCAM_ADB_SHELL_PASSWD": "", "DHU_USB_VendorID": "", "DHU_USB_ProductID": "", "TCAM_USB_VendorID": "", "TCAM_USB_ProductID": "", "Attributes": ""}}, {"model": "sat_toolkit.vehiclemodel", "pk": 2, "fields": {"Name": "BX1E", "Description": "极氪X的内部编号", "Pass_Condition": null, "TCAM_AP_IP": "192.168.225.1", "TCAM_SSH_USER": "root", "TCAM_SSH_PASSWD": "cxzdsaEWQ32!", "INTERNAL_IP_DICT": "{\"198.18.32.17\":\"TCAM内部IP\", \"198.18.36.1\":\"ADCU的IP地址\"}", "TCAM_ADB_PULL_FILE": "/oemapp/neu_telematics_version", "TCAM_ADB_PUSH_FILE": "/sdcard/adb_push_check.txt", "TCAM_ADB_SHELL_PASSWD": "cde3xsw2ZAQ!", "DHU_USB_VendorID": "", "DHU_USB_ProductID": "", "TCAM_USB_VendorID": "", "TCAM_USB_ProductID": "", "Attributes": ""}}, {"model": "sat_toolkit.vehicleinfo", "pk": 16, "fields": {"Description": "屏蔽室车衣极氪001_FR", "Vehicle_Pin": 2, "TCAM_WIFI_SSID": "ZEEKR-7598", "TCAM_WIFI_BSSID": "", "TCAM_WIFI_PASSWD": "12345678", "DHU_WIFI_SSID": "ZEEKR-7598_TV", "DHU_WIFI_BSSID": "", "DHU_WIFI_PASSWD": "12345678", "TCAM_BLE_NAME": "ZEEKR-7598", "TCAM_BLE_MAC": "", "DHU_ADB_SERIAL_ID": "a8d1de6f", "DHU_ADB_NAME": "", "TCAM_ADB_SERIAL_ID": "", "TCAM_ADB_NAME": "", "vehicle_model": 1, "Attributes": ""}}, {"model": "sat_toolkit.vehicleinfo", "pk": 17, "fields": {"Description": "轮毂下内饰为绿色的极氪X", "Vehicle_Pin": 3, "TCAM_WIFI_SSID": "bx1e", "TCAM_WIFI_BSSID": "", "TCAM_WIFI_PASSWD": "12345678", "DHU_WIFI_SSID": "bx1e_TV", "DHU_WIFI_BSSID": "", "DHU_WIFI_PASSWD": "12345678", "TCAM_BLE_NAME": "", "TCAM_BLE_MAC": "", "DHU_ADB_SERIAL_ID": "c4f165f7", "DHU_ADB_NAME": "", "TCAM_ADB_SERIAL_ID": "d5d78502", "TCAM_ADB_NAME": "", "vehicle_model": 2, "Attributes": "TCAM_WIFI_STA_MAC=c4:cb:54:07:12:29"}}]